season,season_code,data,available,partially_available,tested,successes,record_count,record_count_min,observed_fields,errors
2009,E2009,schedule,True,False,1,1,188,,arenacapacity|arenacode|arenaname|awaycode|awayteam|awaytv|confirmeddate|confirmedtime|date|endtime|game|gamecode|gameday|group|homecode|hometeam|hometv|played|round|startime,
2009,E2009,results,True,False,1,1,188,,awaycode|awayscore|awayteam|date|gamecode|gameday|gamenumber|group|homecode|homescore|hometeam|played|round|time,
2009,E2009,rosters,True,False,1,1,390,,alias|code|countrycode|countryname|dorsal|name|position,
2009,E2009,boxscore,True,False,2,2,,2,Attendance|ByQuarter|EndOfQuarter|Live|Referees|Stats,
2009,E2009,player_stats,True,False,2,2,,23,Assistances|BlocksAgainst|BlocksFavour|DefensiveRebounds|Dorsal|FieldGoalsAttempted2|FieldGoalsAttempted3|FieldGoalsMade2|FieldGoalsMade3|FoulsCommited|FoulsReceived|FreeThrowsAttempted|FreeThrowsMade|IsPlaying|IsStarter|Minutes|OffensiveRebounds|Player|Player_ID|Plusminus|Points|Steals|Team|TotalRebounds|Turnovers|Valuation,
2009,E2009,team_stats,True,False,2,2,,2,Assistances|BlocksAgainst|BlocksFavour|DefensiveRebounds|FieldGoalsAttempted2|FieldGoalsAttempted3|FieldGoalsMade2|FieldGoalsMade3|FoulsCommited|FoulsReceived|FreeThrowsAttempted|FreeThrowsMade|Minutes|OffensiveRebounds|Points|Steals|TotalRebounds|Turnovers|Valuation,
2009,E2009,play_by_play,True,False,2,2,,493,CODETEAM|COMMENT|DORSAL|MARKERTIME|MINUTE|NUMBEROFPLAY|PLAYER|PLAYER_ID|PLAYINFO|PLAYTYPE|POINTS_A|POINTS_B|TEAM|TYPE,
2009,E2009,shots,True,False,2,2,,135,ACTION|CONSOLE|COORD_X|COORD_Y|FASTBREAK|ID_ACTION|ID_PLAYER|MINUTE|NUM_ANOT|PLAYER|POINTS|POINTS_A|POINTS_B|POINTS_OFF_TURNOVER|SECOND_CHANCE|TEAM|UTC|ZONE,
2009,E2009,v3_game_stats,True,False,2,2,,23,$|local|local.coach|local.coach.code|local.coach.name|local.players|local.players[]|local.players[].player|local.players[].player.active|local.players[].player.club|local.players[].player.club.abbreviatedName|local.players[].player.club.code|local.players[].player.club.editorialName|local.players[].player.club.images|local.players[].player.club.images.crest|local.players[].player.club.isVirtual|local.players[].player.club.name|local.players[].player.club.tvCode|local.players[].player.dorsal|local.players[].player.dorsalRaw|local.players[].player.endDate|local.players[].player.externalId|local.players[].player.images|local.players[].player.lastTeam|local.players[].player.order|local.players[].player.person|local.players[].player.person.abbreviatedName|local.players[].player.person.alias|local.players[].player.person.aliasRaw|local.players[].player.person.birthCountry|local.players[].player.person.birthCountry.code|local.players[].player.person.birthCountry.name|local.players[].player.person.birthDate|local.players[].player.person.code|local.players[].player.person.country|local.players[].player.person.country.code|local.players[].player.person.country.name|local.players[].player.person.facebookAccount|local.players[].player.person.height|local.players[].player.person.images|local.players[].player.person.instagramAccount|local.players[].player.person.isReferee|local.players[].player.person.jerseyName|local.players[].player.person.name|local.players[].player.person.passportName|local.players[].player.person.passportSurname|local.players[].player.person.twitterAccount|local.players[].player.person.weight|local.players[].player.position|local.players[].player.positionName|local.players[].player.season|local.players[].player.season.alias|local.players[].player.season.code|local.players[].player.season.competitionCode|local.players[].player.season.name|local.players[].player.season.startDate|local.players[].player.season.year|local.players[].player.startDate|local.players[].player.type|local.players[].player.typeName|local.players[].stats|local.players[].stats.accuracyAttempted|local.players[].stats.accuracyMade|local.players[].stats.assistances|local.players[].stats.blocksAgainst|local.players[].stats.blocksFavour|local.players[].stats.defensiveRebounds|local.players[].stats.dorsal|local.players[].stats.fieldGoalsAttempted2|local.players[].stats.fieldGoalsAttempted3|local.players[].stats.fieldGoalsAttemptedTotal|local.players[].stats.fieldGoalsMade2|local.players[].stats.fieldGoalsMade3|local.players[].stats.fieldGoalsMadeTotal|local.players[].stats.foulsCommited|local.players[].stats.foulsReceived|local.players[].stats.freeThrowsAttempted|local.players[].stats.freeThrowsMade|local.players[].stats.offensiveRebounds|local.players[].stats.plusMinus|local.players[].stats.points|local.players[].stats.startFive|local.players[].stats.startFive2|local.players[].stats.steals|local.players[].stats.timePlayed|local.players[].stats.totalRebounds|local.players[].stats.turnovers|local.players[].stats.valuation|local.team|local.team.accuracyAttempted|local.team.accuracyMade|local.team.assistances|local.team.blocksAgainst|local.team.blocksFavour|local.team.defensiveRebounds|local.team.fieldGoalsAttempted2|local.team.fieldGoalsAttempted3|local.team.fieldGoalsAttemptedTotal|local.team.fieldGoalsMade2|local.team.fieldGoalsMade3|local.team.fieldGoalsMadeTotal|local.team.foulsCommited|local.team.foulsReceived|local.team.freeThrowsAttempted|local.team.freeThrowsMade|local.team.offensiveRebounds|local.team.plusMinus|local.team.points|local.team.steals|local.team.timePlayed|local.team.totalRebounds|local.team.turnovers|local.team.valuation|local.total|local.total.accuracyAttempted|local.total.accuracyMade|local.total.assistances|local.total.blocksAgainst|local.total.blocksFavour|local.total.defensiveRebounds|local.total.fieldGoalsAttempted2|local.total.fieldGoalsAttempted3|local.total.fieldGoalsAttemptedTotal|local.total.fieldGoalsMade2|local.total.fieldGoalsMade3|local.total.fieldGoalsMadeTotal|local.total.foulsCommited|local.total.foulsReceived|local.total.freeThrowsAttempted|local.total.freeThrowsMade|local.total.offensiveRebounds|local.total.plusMinus|local.total.points|local.total.steals|local.total.timePlayed|local.total.totalRebounds|local.total.turnovers|local.total.valuation|road|road.coach|road.coach.code|road.coach.name|road.players|road.players[]|road.players[].player|road.players[].player.active|road.players[].player.club|road.players[].player.club.abbreviatedName|road.players[].player.club.code|road.players[].player.club.editorialName|road.players[].player.club.images|road.players[].player.club.images.crest|road.players[].player.club.isVirtual|road.players[].player.club.name|road.players[].player.club.tvCode|road.players[].player.dorsal|road.players[].player.dorsalRaw|road.players[].player.endDate|road.players[].player.externalId|road.players[].player.images|road.players[].player.lastTeam|road.players[].player.order|road.players[].player.person|road.players[].player.person.abbreviatedName|road.players[].player.person.alias|road.players[].player.person.aliasRaw|road.players[].player.person.birthCountry|road.players[].player.person.birthCountry.code|road.players[].player.person.birthCountry.name|road.players[].player.person.birthDate|road.players[].player.person.code|road.players[].player.person.country|road.players[].player.person.country.code|road.players[].player.person.country.name|road.players[].player.person.facebookAccount|road.players[].player.person.height|road.players[].player.person.images|road.players[].player.person.instagramAccount|road.players[].player.person.isReferee|road.players[].player.person.jerseyName|road.players[].player.person.name|road.players[].player.person.passportName|road.players[].player.person.passportSurname|road.players[].player.person.twitterAccount|road.players[].player.person.weight|road.players[].player.position|road.players[].player.positionName|road.players[].player.season|road.players[].player.season.alias|road.players[].player.season.code|road.players[].player.season.competitionCode|road.players[].player.season.name|road.players[].player.season.startDate|road.players[].player.season.year|road.players[].player.startDate|road.players[].player.type|road.players[].player.typeName|road.players[].stats|road.players[].stats.accuracyAttempted|road.players[].stats.accuracyMade|road.players[].stats.assistances|road.players[].stats.blocksAgainst|road.players[].stats.blocksFavour|road.players[].stats.defensiveRebounds|road.players[].stats.dorsal|road.players[].stats.fieldGoalsAttempted2|road.players[].stats.fieldGoalsAttempted3|road.players[].stats.fieldGoalsAttemptedTotal|road.players[].stats.fieldGoalsMade2|road.players[].stats.fieldGoalsMade3|road.players[].stats.fieldGoalsMadeTotal|road.players[].stats.foulsCommited|road.players[].stats.foulsReceived|road.players[].stats.freeThrowsAttempted|road.players[].stats.freeThrowsMade|road.players[].stats.offensiveRebounds|road.players[].stats.plusMinus|road.players[].stats.points|road.players[].stats.startFive|road.players[].stats.startFive2|road.players[].stats.steals|road.players[].stats.timePlayed|road.players[].stats.totalRebounds|road.players[].stats.turnovers|road.players[].stats.valuation|road.team|road.team.accuracyAttempted|road.team.accuracyMade|road.team.assistances|road.team.blocksAgainst|road.team.blocksFavour|road.team.defensiveRebounds|road.team.fieldGoalsAttempted2|road.team.fieldGoalsAttempted3|road.team.fieldGoalsAttemptedTotal|road.team.fieldGoalsMade2|road.team.fieldGoalsMade3|road.team.fieldGoalsMadeTotal|road.team.foulsCommited|road.team.foulsReceived|road.team.freeThrowsAttempted|road.team.freeThrowsMade|road.team.offensiveRebounds|road.team.plusMinus|road.team.points|road.team.steals|road.team.timePlayed|road.team.totalRebounds|road.team.turnovers|road.team.valuation|road.total|road.total.accuracyAttempted|road.total.accuracyMade|road.total.assistances|road.total.blocksAgainst|road.total.blocksFavour|road.total.defensiveRebounds|road.total.fieldGoalsAttempted2|road.total.fieldGoalsAttempted3|road.total.fieldGoalsAttemptedTotal|road.total.fieldGoalsMade2|road.total.fieldGoalsMade3|road.total.fieldGoalsMadeTotal|road.total.foulsCommited|road.total.foulsReceived|road.total.freeThrowsAttempted|road.total.freeThrowsMade|road.total.offensiveRebounds|road.total.plusMinus|road.total.points|road.total.steals|road.total.timePlayed|road.total.totalRebounds|road.total.turnovers|road.total.valuation,
2008,E2008,schedule,True,False,1,1,188,,arenacapacity|arenacode|arenaname|awaycode|awayteam|awaytv|confirmeddate|confirmedtime|date|endtime|game|gamecode|gameday|group|homecode|hometeam|hometv|played|round|startime,
2008,E2008,results,True,False,1,1,188,,awaycode|awayscore|awayteam|date|gamecode|gameday|gamenumber|group|homecode|homescore|hometeam|played|round|time,
2008,E2008,rosters,True,False,1,1,407,,alias|code|countrycode|countryname|dorsal|name|position,
2008,E2008,boxscore,True,False,2,2,,2,Attendance|ByQuarter|EndOfQuarter|Live|Referees|Stats,
2008,E2008,player_stats,True,False,2,2,,24,Assistances|BlocksAgainst|BlocksFavour|DefensiveRebounds|Dorsal|FieldGoalsAttempted2|FieldGoalsAttempted3|FieldGoalsMade2|FieldGoalsMade3|FoulsCommited|FoulsReceived|FreeThrowsAttempted|FreeThrowsMade|IsPlaying|IsStarter|Minutes|OffensiveRebounds|Player|Player_ID|Plusminus|Points|Steals|Team|TotalRebounds|Turnovers|Valuation,
2008,E2008,team_stats,True,False,2,2,,2,Assistances|BlocksAgainst|BlocksFavour|DefensiveRebounds|FieldGoalsAttempted2|FieldGoalsAttempted3|FieldGoalsMade2|FieldGoalsMade3|FoulsCommited|FoulsReceived|FreeThrowsAttempted|FreeThrowsMade|Minutes|OffensiveRebounds|Points|Steals|TotalRebounds|Turnovers|Valuation,
2008,E2008,play_by_play,True,False,2,2,,481,CODETEAM|COMMENT|DORSAL|MARKERTIME|MINUTE|NUMBEROFPLAY|PLAYER|PLAYER_ID|PLAYINFO|PLAYTYPE|POINTS_A|POINTS_B|TEAM|TYPE,
2008,E2008,shots,True,False,2,2,,135,ACTION|CONSOLE|COORD_X|COORD_Y|FASTBREAK|ID_ACTION|ID_PLAYER|MINUTE|NUM_ANOT|PLAYER|POINTS|POINTS_A|POINTS_B|POINTS_OFF_TURNOVER|SECOND_CHANCE|TEAM|UTC|ZONE,
2008,E2008,v3_game_stats,True,False,2,2,,24,$|local|local.coach|local.coach.code|local.coach.name|local.players|local.players[]|local.players[].player|local.players[].player.active|local.players[].player.club|local.players[].player.club.abbreviatedName|local.players[].player.club.code|local.players[].player.club.editorialName|local.players[].player.club.images|local.players[].player.club.images.crest|local.players[].player.club.isVirtual|local.players[].player.club.name|local.players[].player.club.tvCode|local.players[].player.dorsal|local.players[].player.dorsalRaw|local.players[].player.endDate|local.players[].player.externalId|local.players[].player.images|local.players[].player.lastTeam|local.players[].player.order|local.players[].player.person|local.players[].player.person.abbreviatedName|local.players[].player.person.alias|local.players[].player.person.aliasRaw|local.players[].player.person.birthCountry|local.players[].player.person.birthCountry.code|local.players[].player.person.birthCountry.name|local.players[].player.person.birthDate|local.players[].player.person.code|local.players[].player.person.country|local.players[].player.person.country.code|local.players[].player.person.country.name|local.players[].player.person.facebookAccount|local.players[].player.person.height|local.players[].player.person.images|local.players[].player.person.instagramAccount|local.players[].player.person.isReferee|local.players[].player.person.jerseyName|local.players[].player.person.name|local.players[].player.person.passportName|local.players[].player.person.passportSurname|local.players[].player.person.twitterAccount|local.players[].player.person.weight|local.players[].player.position|local.players[].player.positionName|local.players[].player.season|local.players[].player.season.alias|local.players[].player.season.code|local.players[].player.season.competitionCode|local.players[].player.season.name|local.players[].player.season.startDate|local.players[].player.season.year|local.players[].player.startDate|local.players[].player.type|local.players[].player.typeName|local.players[].stats|local.players[].stats.accuracyAttempted|local.players[].stats.accuracyMade|local.players[].stats.assistances|local.players[].stats.blocksAgainst|local.players[].stats.blocksFavour|local.players[].stats.defensiveRebounds|local.players[].stats.dorsal|local.players[].stats.fieldGoalsAttempted2|local.players[].stats.fieldGoalsAttempted3|local.players[].stats.fieldGoalsAttemptedTotal|local.players[].stats.fieldGoalsMade2|local.players[].stats.fieldGoalsMade3|local.players[].stats.fieldGoalsMadeTotal|local.players[].stats.foulsCommited|local.players[].stats.foulsReceived|local.players[].stats.freeThrowsAttempted|local.players[].stats.freeThrowsMade|local.players[].stats.offensiveRebounds|local.players[].stats.plusMinus|local.players[].stats.points|local.players[].stats.startFive|local.players[].stats.startFive2|local.players[].stats.steals|local.players[].stats.timePlayed|local.players[].stats.totalRebounds|local.players[].stats.turnovers|local.players[].stats.valuation|local.team|local.team.accuracyAttempted|local.team.accuracyMade|local.team.assistances|local.team.blocksAgainst|local.team.blocksFavour|local.team.defensiveRebounds|local.team.fieldGoalsAttempted2|local.team.fieldGoalsAttempted3|local.team.fieldGoalsAttemptedTotal|local.team.fieldGoalsMade2|local.team.fieldGoalsMade3|local.team.fieldGoalsMadeTotal|local.team.foulsCommited|local.team.foulsReceived|local.team.freeThrowsAttempted|local.team.freeThrowsMade|local.team.offensiveRebounds|local.team.plusMinus|local.team.points|local.team.steals|local.team.timePlayed|local.team.totalRebounds|local.team.turnovers|local.team.valuation|local.total|local.total.accuracyAttempted|local.total.accuracyMade|local.total.assistances|local.total.blocksAgainst|local.total.blocksFavour|local.total.defensiveRebounds|local.total.fieldGoalsAttempted2|local.total.fieldGoalsAttempted3|local.total.fieldGoalsAttemptedTotal|local.total.fieldGoalsMade2|local.total.fieldGoalsMade3|local.total.fieldGoalsMadeTotal|local.total.foulsCommited|local.total.foulsReceived|local.total.freeThrowsAttempted|local.total.freeThrowsMade|local.total.offensiveRebounds|local.total.plusMinus|local.total.points|local.total.steals|local.total.timePlayed|local.total.totalRebounds|local.total.turnovers|local.total.valuation|road|road.coach|road.coach.code|road.coach.name|road.players|road.players[]|road.players[].player|road.players[].player.active|road.players[].player.club|road.players[].player.club.abbreviatedName|road.players[].player.club.code|road.players[].player.club.editorialName|road.players[].player.club.images|road.players[].player.club.images.crest|road.players[].player.club.isVirtual|road.players[].player.club.name|road.players[].player.club.tvCode|road.players[].player.dorsal|road.players[].player.dorsalRaw|road.players[].player.endDate|road.players[].player.externalId|road.players[].player.images|road.players[].player.lastTeam|road.players[].player.order|road.players[].player.person|road.players[].player.person.abbreviatedName|road.players[].player.person.alias|road.players[].player.person.aliasRaw|road.players[].player.person.birthCountry|road.players[].player.person.birthCountry.code|road.players[].player.person.birthCountry.name|road.players[].player.person.birthDate|road.players[].player.person.code|road.players[].player.person.country|road.players[].player.person.country.code|road.players[].player.person.country.name|road.players[].player.person.facebookAccount|road.players[].player.person.height|road.players[].player.person.images|road.players[].player.person.instagramAccount|road.players[].player.person.isReferee|road.players[].player.person.jerseyName|road.players[].player.person.name|road.players[].player.person.passportName|road.players[].player.person.passportSurname|road.players[].player.person.twitterAccount|road.players[].player.person.weight|road.players[].player.position|road.players[].player.positionName|road.players[].player.season|road.players[].player.season.alias|road.players[].player.season.code|road.players[].player.season.competitionCode|road.players[].player.season.name|road.players[].player.season.startDate|road.players[].player.season.year|road.players[].player.startDate|road.players[].player.type|road.players[].player.typeName|road.players[].stats|road.players[].stats.accuracyAttempted|road.players[].stats.accuracyMade|road.players[].stats.assistances|road.players[].stats.blocksAgainst|road.players[].stats.blocksFavour|road.players[].stats.defensiveRebounds|road.players[].stats.dorsal|road.players[].stats.fieldGoalsAttempted2|road.players[].stats.fieldGoalsAttempted3|road.players[].stats.fieldGoalsAttemptedTotal|road.players[].stats.fieldGoalsMade2|road.players[].stats.fieldGoalsMade3|road.players[].stats.fieldGoalsMadeTotal|road.players[].stats.foulsCommited|road.players[].stats.foulsReceived|road.players[].stats.freeThrowsAttempted|road.players[].stats.freeThrowsMade|road.players[].stats.offensiveRebounds|road.players[].stats.plusMinus|road.players[].stats.points|road.players[].stats.startFive|road.players[].stats.startFive2|road.players[].stats.steals|road.players[].stats.timePlayed|road.players[].stats.totalRebounds|road.players[].stats.turnovers|road.players[].stats.valuation|road.team|road.team.accuracyAttempted|road.team.accuracyMade|road.team.assistances|road.team.blocksAgainst|road.team.blocksFavour|road.team.defensiveRebounds|road.team.fieldGoalsAttempted2|road.team.fieldGoalsAttempted3|road.team.fieldGoalsAttemptedTotal|road.team.fieldGoalsMade2|road.team.fieldGoalsMade3|road.team.fieldGoalsMadeTotal|road.team.foulsCommited|road.team.foulsReceived|road.team.freeThrowsAttempted|road.team.freeThrowsMade|road.team.offensiveRebounds|road.team.plusMinus|road.team.points|road.team.steals|road.team.timePlayed|road.team.totalRebounds|road.team.turnovers|road.team.valuation|road.total|road.total.accuracyAttempted|road.total.accuracyMade|road.total.assistances|road.total.blocksAgainst|road.total.blocksFavour|road.total.defensiveRebounds|road.total.fieldGoalsAttempted2|road.total.fieldGoalsAttempted3|road.total.fieldGoalsAttemptedTotal|road.total.fieldGoalsMade2|road.total.fieldGoalsMade3|road.total.fieldGoalsMadeTotal|road.total.foulsCommited|road.total.foulsReceived|road.total.freeThrowsAttempted|road.total.freeThrowsMade|road.total.offensiveRebounds|road.total.plusMinus|road.total.points|road.total.steals|road.total.timePlayed|road.total.totalRebounds|road.total.turnovers|road.total.valuation,
2007,E2007,schedule,True,False,1,1,231,,arenacapacity|arenacode|arenaname|awaycode|awayteam|awaytv|confirmeddate|confirmedtime|date|endtime|game|gamecode|gameday|group|homecode|hometeam|hometv|played|round|startime,
2007,E2007,results,True,False,1,1,231,,awaycode|awayscore|awayteam|date|gamecode|gameday|gamenumber|group|homecode|homescore|hometeam|played|round|time,
2007,E2007,rosters,True,False,1,1,428,,alias|code|countrycode|countryname|dorsal|name|position,
2007,E2007,boxscore,True,False,2,2,,2,Attendance|ByQuarter|EndOfQuarter|Live|Referees|Stats,
2007,E2007,player_stats,True,False,2,2,,22,Assistances|BlocksAgainst|BlocksFavour|DefensiveRebounds|Dorsal|FieldGoalsAttempted2|FieldGoalsAttempted3|FieldGoalsMade2|FieldGoalsMade3|FoulsCommited|FoulsReceived|FreeThrowsAttempted|FreeThrowsMade|IsPlaying|IsStarter|Minutes|OffensiveRebounds|Player|Player_ID|Plusminus|Points|Steals|Team|TotalRebounds|Turnovers|Valuation,
2007,E2007,team_stats,True,False,2,2,,2,Assistances|BlocksAgainst|BlocksFavour|DefensiveRebounds|FieldGoalsAttempted2|FieldGoalsAttempted3|FieldGoalsMade2|FieldGoalsMade3|FoulsCommited|FoulsReceived|FreeThrowsAttempted|FreeThrowsMade|Minutes|OffensiveRebounds|Points|Steals|TotalRebounds|Turnovers|Valuation,
2007,E2007,play_by_play,True,False,2,2,,544,CODETEAM|COMMENT|DORSAL|MARKERTIME|MINUTE|NUMBEROFPLAY|PLAYER|PLAYER_ID|PLAYINFO|PLAYTYPE|POINTS_A|POINTS_B|TEAM|TYPE,
2007,E2007,shots,True,False,2,2,,165,ACTION|CONSOLE|COORD_X|COORD_Y|FASTBREAK|ID_ACTION|ID_PLAYER|MINUTE|NUM_ANOT|PLAYER|POINTS|POINTS_A|POINTS_B|POINTS_OFF_TURNOVER|SECOND_CHANCE|TEAM|UTC|ZONE,
2007,E2007,v3_game_stats,True,False,2,2,,22,$|local|local.coach|local.coach.code|local.coach.name|local.players|local.players[]|local.players[].player|local.players[].player.active|local.players[].player.club|local.players[].player.club.abbreviatedName|local.players[].player.club.code|local.players[].player.club.editorialName|local.players[].player.club.images|local.players[].player.club.images.crest|local.players[].player.club.isVirtual|local.players[].player.club.name|local.players[].player.club.tvCode|local.players[].player.dorsal|local.players[].player.dorsalRaw|local.players[].player.endDate|local.players[].player.externalId|local.players[].player.images|local.players[].player.lastTeam|local.players[].player.order|local.players[].player.person|local.players[].player.person.abbreviatedName|local.players[].player.person.alias|local.players[].player.person.aliasRaw|local.players[].player.person.birthCountry|local.players[].player.person.birthCountry.code|local.players[].player.person.birthCountry.name|local.players[].player.person.birthDate|local.players[].player.person.code|local.players[].player.person.country|local.players[].player.person.country.code|local.players[].player.person.country.name|local.players[].player.person.facebookAccount|local.players[].player.person.height|local.players[].player.person.images|local.players[].player.person.instagramAccount|local.players[].player.person.isReferee|local.players[].player.person.jerseyName|local.players[].player.person.name|local.players[].player.person.passportName|local.players[].player.person.passportSurname|local.players[].player.person.twitterAccount|local.players[].player.person.weight|local.players[].player.position|local.players[].player.positionName|local.players[].player.season|local.players[].player.season.alias|local.players[].player.season.code|local.players[].player.season.competitionCode|local.players[].player.season.name|local.players[].player.season.startDate|local.players[].player.season.year|local.players[].player.startDate|local.players[].player.type|local.players[].player.typeName|local.players[].stats|local.players[].stats.accuracyAttempted|local.players[].stats.accuracyMade|local.players[].stats.assistances|local.players[].stats.blocksAgainst|local.players[].stats.blocksFavour|local.players[].stats.defensiveRebounds|local.players[].stats.dorsal|local.players[].stats.fieldGoalsAttempted2|local.players[].stats.fieldGoalsAttempted3|local.players[].stats.fieldGoalsAttemptedTotal|local.players[].stats.fieldGoalsMade2|local.players[].stats.fieldGoalsMade3|local.players[].stats.fieldGoalsMadeTotal|local.players[].stats.foulsCommited|local.players[].stats.foulsReceived|local.players[].stats.freeThrowsAttempted|local.players[].stats.freeThrowsMade|local.players[].stats.offensiveRebounds|local.players[].stats.plusMinus|local.players[].stats.points|local.players[].stats.startFive|local.players[].stats.startFive2|local.players[].stats.steals|local.players[].stats.timePlayed|local.players[].stats.totalRebounds|local.players[].stats.turnovers|local.players[].stats.valuation|local.team|local.team.accuracyAttempted|local.team.accuracyMade|local.team.assistances|local.team.blocksAgainst|local.team.blocksFavour|local.team.defensiveRebounds|local.team.fieldGoalsAttempted2|local.team.fieldGoalsAttempted3|local.team.fieldGoalsAttemptedTotal|local.team.fieldGoalsMade2|local.team.fieldGoalsMade3|local.team.fieldGoalsMadeTotal|local.team.foulsCommited|local.team.foulsReceived|local.team.freeThrowsAttempted|local.team.freeThrowsMade|local.team.offensiveRebounds|local.team.plusMinus|local.team.points|local.team.steals|local.team.timePlayed|local.team.totalRebounds|local.team.turnovers|local.team.valuation|local.total|local.total.accuracyAttempted|local.total.accuracyMade|local.total.assistances|local.total.blocksAgainst|local.total.blocksFavour|local.total.defensiveRebounds|local.total.fieldGoalsAttempted2|local.total.fieldGoalsAttempted3|local.total.fieldGoalsAttemptedTotal|local.total.fieldGoalsMade2|local.total.fieldGoalsMade3|local.total.fieldGoalsMadeTotal|local.total.foulsCommited|local.total.foulsReceived|local.total.freeThrowsAttempted|local.total.freeThrowsMade|local.total.offensiveRebounds|local.total.plusMinus|local.total.points|local.total.steals|local.total.timePlayed|local.total.totalRebounds|local.total.turnovers|local.total.valuation|road|road.coach|road.coach.code|road.coach.name|road.players|road.players[]|road.players[].player|road.players[].player.active|road.players[].player.club|road.players[].player.club.abbreviatedName|road.players[].player.club.code|road.players[].player.club.editorialName|road.players[].player.club.images|road.players[].player.club.images.crest|road.players[].player.club.isVirtual|road.players[].player.club.name|road.players[].player.club.tvCode|road.players[].player.dorsal|road.players[].player.dorsalRaw|road.players[].player.endDate|road.players[].player.externalId|road.players[].player.images|road.players[].player.lastTeam|road.players[].player.order|road.players[].player.person|road.players[].player.person.abbreviatedName|road.players[].player.person.alias|road.players[].player.person.aliasRaw|road.players[].player.person.birthCountry|road.players[].player.person.birthCountry.code|road.players[].player.person.birthCountry.name|road.players[].player.person.birthDate|road.players[].player.person.code|road.players[].player.person.country|road.players[].player.person.country.code|road.players[].player.person.country.name|road.players[].player.person.facebookAccount|road.players[].player.person.height|road.players[].player.person.images|road.players[].player.person.instagramAccount|road.players[].player.person.isReferee|road.players[].player.person.jerseyName|road.players[].player.person.name|road.players[].player.person.passportName|road.players[].player.person.passportSurname|road.players[].player.person.twitterAccount|road.players[].player.person.weight|road.players[].player.position|road.players[].player.positionName|road.players[].player.season|road.players[].player.season.alias|road.players[].player.season.code|road.players[].player.season.competitionCode|road.players[].player.season.name|road.players[].player.season.startDate|road.players[].player.season.year|road.players[].player.startDate|road.players[].player.type|road.players[].player.typeName|road.players[].stats|road.players[].stats.accuracyAttempted|road.players[].stats.accuracyMade|road.players[].stats.assistances|road.players[].stats.blocksAgainst|road.players[].stats.blocksFavour|road.players[].stats.defensiveRebounds|road.players[].stats.dorsal|road.players[].stats.fieldGoalsAttempted2|road.players[].stats.fieldGoalsAttempted3|road.players[].stats.fieldGoalsAttemptedTotal|road.players[].stats.fieldGoalsMade2|road.players[].stats.fieldGoalsMade3|road.players[].stats.fieldGoalsMadeTotal|road.players[].stats.foulsCommited|road.players[].stats.foulsReceived|road.players[].stats.freeThrowsAttempted|road.players[].stats.freeThrowsMade|road.players[].stats.offensiveRebounds|road.players[].stats.plusMinus|road.players[].stats.points|road.players[].stats.startFive|road.players[].stats.startFive2|road.players[].stats.steals|road.players[].stats.timePlayed|road.players[].stats.totalRebounds|road.players[].stats.turnovers|road.players[].stats.valuation|road.team|road.team.accuracyAttempted|road.team.accuracyMade|road.team.assistances|road.team.blocksAgainst|road.team.blocksFavour|road.team.defensiveRebounds|road.team.fieldGoalsAttempted2|road.team.fieldGoalsAttempted3|road.team.fieldGoalsAttemptedTotal|road.team.fieldGoalsMade2|road.team.fieldGoalsMade3|road.team.fieldGoalsMadeTotal|road.team.foulsCommited|road.team.foulsReceived|road.team.freeThrowsAttempted|road.team.freeThrowsMade|road.team.offensiveRebounds|road.team.plusMinus|road.team.points|road.team.steals|road.team.timePlayed|road.team.totalRebounds|road.team.turnovers|road.team.valuation|road.total|road.total.accuracyAttempted|road.total.accuracyMade|road.total.assistances|road.total.blocksAgainst|road.total.blocksFavour|road.total.defensiveRebounds|road.total.fieldGoalsAttempted2|road.total.fieldGoalsAttempted3|road.total.fieldGoalsAttemptedTotal|road.total.fieldGoalsMade2|road.total.fieldGoalsMade3|road.total.fieldGoalsMadeTotal|road.total.foulsCommited|road.total.foulsReceived|road.total.freeThrowsAttempted|road.total.freeThrowsMade|road.total.offensiveRebounds|road.total.plusMinus|road.total.points|road.total.steals|road.total.timePlayed|road.total.totalRebounds|road.total.turnovers|road.total.valuation,
2006,E2006,schedule,True,False,1,1,230,,arenacapacity|arenacode|arenaname|awaycode|awayteam|awaytv|confirmeddate|confirmedtime|date|endtime|game|gamecode|gameday|group|homecode|hometeam|hometv|played|round|startime,
2006,E2006,results,True,False,1,1,230,,awaycode|awayscore|awayteam|date|gamecode|gameday|gamenumber|group|homecode|homescore|hometeam|played|round|time,
2006,E2006,rosters,True,False,1,1,382,,alias|code|countrycode|countryname|dorsal|name|position,
2006,E2006,boxscore,False,False,2,0,,0,,game 1: live_boxscore returned invalid JSON from https://live.euroleague.net/api/Boxscore?gamecode=1&seasoncode=E2006: '' | game 230: live_boxscore returned invalid JSON from https://live.euroleague.net/api/Boxscore?gamecode=230&seasoncode=E2006: ''
2006,E2006,player_stats,False,False,2,0,,0,,game 1: live_boxscore returned invalid JSON from https://live.euroleague.net/api/Boxscore?gamecode=1&seasoncode=E2006: '' | game 230: live_boxscore returned invalid JSON from https://live.euroleague.net/api/Boxscore?gamecode=230&seasoncode=E2006: ''
2006,E2006,team_stats,False,False,2,0,,0,,game 1: live_boxscore returned invalid JSON from https://live.euroleague.net/api/Boxscore?gamecode=1&seasoncode=E2006: '' | game 230: live_boxscore returned invalid JSON from https://live.euroleague.net/api/Boxscore?gamecode=230&seasoncode=E2006: ''
2006,E2006,play_by_play,False,False,2,0,,0,,game 1: live_play_by_play returned invalid JSON from https://live.euroleague.net/api/PlaybyPlay?gamecode=1&seasoncode=E2006: '' | game 230: live_play_by_play returned invalid JSON from https://live.euroleague.net/api/PlaybyPlay?gamecode=230&seasoncode=E2006: ''
2006,E2006,shots,False,False,2,0,,0,,game 1: live_shots returned invalid JSON from https://live.euroleague.net/api/Points?gamecode=1&seasoncode=E2006: '' | game 230: live_shots returned invalid JSON from https://live.euroleague.net/api/Points?gamecode=230&seasoncode=E2006: ''
2006,E2006,v3_game_stats,True,False,2,2,,23,$|local|local.coach|local.coach.code|local.coach.name|local.players|local.players[]|local.players[].player|local.players[].player.active|local.players[].player.club|local.players[].player.club.abbreviatedName|local.players[].player.club.code|local.players[].player.club.editorialName|local.players[].player.club.images|local.players[].player.club.images.crest|local.players[].player.club.isVirtual|local.players[].player.club.name|local.players[].player.club.tvCode|local.players[].player.dorsal|local.players[].player.dorsalRaw|local.players[].player.endDate|local.players[].player.externalId|local.players[].player.images|local.players[].player.lastTeam|local.players[].player.order|local.players[].player.person|local.players[].player.person.abbreviatedName|local.players[].player.person.alias|local.players[].player.person.aliasRaw|local.players[].player.person.birthCountry|local.players[].player.person.birthCountry.code|local.players[].player.person.birthCountry.name|local.players[].player.person.birthDate|local.players[].player.person.code|local.players[].player.person.country|local.players[].player.person.country.code|local.players[].player.person.country.name|local.players[].player.person.facebookAccount|local.players[].player.person.height|local.players[].player.person.images|local.players[].player.person.instagramAccount|local.players[].player.person.isReferee|local.players[].player.person.jerseyName|local.players[].player.person.name|local.players[].player.person.passportName|local.players[].player.person.passportSurname|local.players[].player.person.twitterAccount|local.players[].player.person.weight|local.players[].player.position|local.players[].player.positionName|local.players[].player.season|local.players[].player.season.alias|local.players[].player.season.code|local.players[].player.season.competitionCode|local.players[].player.season.name|local.players[].player.season.startDate|local.players[].player.season.year|local.players[].player.startDate|local.players[].player.type|local.players[].player.typeName|local.players[].stats|local.players[].stats.accuracyAttempted|local.players[].stats.accuracyMade|local.players[].stats.assistances|local.players[].stats.blocksAgainst|local.players[].stats.blocksFavour|local.players[].stats.defensiveRebounds|local.players[].stats.dorsal|local.players[].stats.fieldGoalsAttempted2|local.players[].stats.fieldGoalsAttempted3|local.players[].stats.fieldGoalsAttemptedTotal|local.players[].stats.fieldGoalsMade2|local.players[].stats.fieldGoalsMade3|local.players[].stats.fieldGoalsMadeTotal|local.players[].stats.foulsCommited|local.players[].stats.foulsReceived|local.players[].stats.freeThrowsAttempted|local.players[].stats.freeThrowsMade|local.players[].stats.offensiveRebounds|local.players[].stats.plusMinus|local.players[].stats.points|local.players[].stats.startFive|local.players[].stats.startFive2|local.players[].stats.steals|local.players[].stats.timePlayed|local.players[].stats.totalRebounds|local.players[].stats.turnovers|local.players[].stats.valuation|local.team|local.team.accuracyAttempted|local.team.accuracyMade|local.team.assistances|local.team.blocksAgainst|local.team.blocksFavour|local.team.defensiveRebounds|local.team.fieldGoalsAttempted2|local.team.fieldGoalsAttempted3|local.team.fieldGoalsAttemptedTotal|local.team.fieldGoalsMade2|local.team.fieldGoalsMade3|local.team.fieldGoalsMadeTotal|local.team.foulsCommited|local.team.foulsReceived|local.team.freeThrowsAttempted|local.team.freeThrowsMade|local.team.offensiveRebounds|local.team.plusMinus|local.team.points|local.team.steals|local.team.timePlayed|local.team.totalRebounds|local.team.turnovers|local.team.valuation|local.total|local.total.accuracyAttempted|local.total.accuracyMade|local.total.assistances|local.total.blocksAgainst|local.total.blocksFavour|local.total.defensiveRebounds|local.total.fieldGoalsAttempted2|local.total.fieldGoalsAttempted3|local.total.fieldGoalsAttemptedTotal|local.total.fieldGoalsMade2|local.total.fieldGoalsMade3|local.total.fieldGoalsMadeTotal|local.total.foulsCommited|local.total.foulsReceived|local.total.freeThrowsAttempted|local.total.freeThrowsMade|local.total.offensiveRebounds|local.total.plusMinus|local.total.points|local.total.steals|local.total.timePlayed|local.total.totalRebounds|local.total.turnovers|local.total.valuation|road|road.coach|road.coach.code|road.coach.name|road.players|road.players[]|road.players[].player|road.players[].player.active|road.players[].player.club|road.players[].player.club.abbreviatedName|road.players[].player.club.code|road.players[].player.club.editorialName|road.players[].player.club.images|road.players[].player.club.images.crest|road.players[].player.club.isVirtual|road.players[].player.club.name|road.players[].player.club.tvCode|road.players[].player.dorsal|road.players[].player.dorsalRaw|road.players[].player.endDate|road.players[].player.externalId|road.players[].player.images|road.players[].player.lastTeam|road.players[].player.order|road.players[].player.person|road.players[].player.person.abbreviatedName|road.players[].player.person.alias|road.players[].player.person.aliasRaw|road.players[].player.person.birthCountry|road.players[].player.person.birthCountry.code|road.players[].player.person.birthCountry.name|road.players[].player.person.birthDate|road.players[].player.person.code|road.players[].player.person.country|road.players[].player.person.country.code|road.players[].player.person.country.name|road.players[].player.person.facebookAccount|road.players[].player.person.height|road.players[].player.person.images|road.players[].player.person.instagramAccount|road.players[].player.person.isReferee|road.players[].player.person.jerseyName|road.players[].player.person.name|road.players[].player.person.passportName|road.players[].player.person.passportSurname|road.players[].player.person.twitterAccount|road.players[].player.person.weight|road.players[].player.position|road.players[].player.positionName|road.players[].player.season|road.players[].player.season.alias|road.players[].player.season.code|road.players[].player.season.competitionCode|road.players[].player.season.name|road.players[].player.season.startDate|road.players[].player.season.year|road.players[].player.startDate|road.players[].player.type|road.players[].player.typeName|road.players[].stats|road.players[].stats.accuracyAttempted|road.players[].stats.accuracyMade|road.players[].stats.assistances|road.players[].stats.blocksAgainst|road.players[].stats.blocksFavour|road.players[].stats.defensiveRebounds|road.players[].stats.dorsal|road.players[].stats.fieldGoalsAttempted2|road.players[].stats.fieldGoalsAttempted3|road.players[].stats.fieldGoalsAttemptedTotal|road.players[].stats.fieldGoalsMade2|road.players[].stats.fieldGoalsMade3|road.players[].stats.fieldGoalsMadeTotal|road.players[].stats.foulsCommited|road.players[].stats.foulsReceived|road.players[].stats.freeThrowsAttempted|road.players[].stats.freeThrowsMade|road.players[].stats.offensiveRebounds|road.players[].stats.plusMinus|road.players[].stats.points|road.players[].stats.startFive|road.players[].stats.startFive2|road.players[].stats.steals|road.players[].stats.timePlayed|road.players[].stats.totalRebounds|road.players[].stats.turnovers|road.players[].stats.valuation|road.team|road.team.accuracyAttempted|road.team.accuracyMade|road.team.assistances|road.team.blocksAgainst|road.team.blocksFavour|road.team.defensiveRebounds|road.team.fieldGoalsAttempted2|road.team.fieldGoalsAttempted3|road.team.fieldGoalsAttemptedTotal|road.team.fieldGoalsMade2|road.team.fieldGoalsMade3|road.team.fieldGoalsMadeTotal|road.team.foulsCommited|road.team.foulsReceived|road.team.freeThrowsAttempted|road.team.freeThrowsMade|road.team.offensiveRebounds|road.team.plusMinus|road.team.points|road.team.steals|road.team.timePlayed|road.team.totalRebounds|road.team.turnovers|road.team.valuation|road.total|road.total.accuracyAttempted|road.total.accuracyMade|road.total.assistances|road.total.blocksAgainst|road.total.blocksFavour|road.total.defensiveRebounds|road.total.fieldGoalsAttempted2|road.total.fieldGoalsAttempted3|road.total.fieldGoalsAttemptedTotal|road.total.fieldGoalsMade2|road.total.fieldGoalsMade3|road.total.fieldGoalsMadeTotal|road.total.foulsCommited|road.total.foulsReceived|road.total.freeThrowsAttempted|road.total.freeThrowsMade|road.total.offensiveRebounds|road.total.plusMinus|road.total.points|road.total.steals|road.total.timePlayed|road.total.totalRebounds|road.total.turnovers|road.total.valuation,
