season,season_code,competition_code,phase_code,round,game_id,game_identifier,game_code,played,game_status,date,local_date,utc_date,home_team_id,home_team_name,away_team_id,away_team_name,home_score,away_score,venue_code,venue_name,venue_capacity,neutral_venue,overtime_periods,api_winner_code,derived_winner_code
2025,E2025,E,RS,1,36b71746-aa99-4b5f-bac4-986444b0b917,E2025_1,1,True,Confirmed,2025-09-30T19:45:00,2025-09-30T19:45:00,2025-09-30T17:45:00Z,IST,Anadolu Efes Istanbul,TEL,Maccabi Rapyd Tel Aviv,85,78,AUA,MORACA,5262,False,0,OLY,IST
2025,E2025,E,RS,1,7e2477cd-e396-47da-aee6-f8ba486db00b,E2025_2,2,True,Confirmed,2025-09-30T20:30:00,2025-09-30T20:30:00,2025-09-30T18:30:00Z,BAS,Kosner Baskonia Vitoria-Gasteiz,OLY,Olympiacos Piraeus,96,102,AUC,BUESA ARENA,15431,False,0,OLY,OLY
2025,E2025,E,RS,1,2835724d-c89f-4474-a000-d4ff8595dc42,E2025_3,3,True,Confirmed,2025-09-30T20:00:00,2025-09-30T20:00:00,2025-09-30T18:00:00Z,RED,Crvena Zvezda Meridianbet Belgrade,MIL,EA7 Emporio Armani Milan,82,92,ATM8,BELGRADE ARENA,21000,False,0,OLY,MIL
2025,E2025,E,RS,1,caf0e7d9-faa0-40b3-adf1-ecf876b7db1f,E2025_4,4,True,Confirmed,2025-09-30T18:00:00,2025-09-30T20:00:00,2025-09-30T16:00:00Z,DUB,Dubai Basketball,PAR,Partizan Mozzart Bet Belgrade,89,76,ACA4,COCA-COLA ARENA,13221,False,0,OLY,DUB
2025,E2025,E,RS,1,f0c804ff-8ebb-4f55-a2ff-0d37bcb3650b,E2025_5,5,True,Confirmed,2025-09-30T18:00:00,2025-09-30T19:00:00,2025-09-30T16:00:00Z,HTA,Hapoel IBI Tel Aviv,BAR,FC Barcelona,103,87,AVK1,ARENA 8888 SOFIA,12373,False,0,OLY,HTA
2025,E2025,E,RS,1,a6181cab-623b-4242-ba75-5c5230e6c907,E2025_6,6,True,Confirmed,2025-09-30T20:15:00,2025-09-30T21:15:00,2025-09-30T18:15:00Z,PAN,Panathinaikos AKTOR Athens,MUN,FC Bayern Munich,87,79,AUM6,TELEKOM CENTER ATHENS,18500,False,0,OLY,PAN
2025,E2025,E,RS,1,3ac6e534-8e3a-4be3-a92e-09cde224d43e,E2025_7,7,True,Confirmed,2025-09-30T20:45:00,2025-09-30T20:45:00,2025-09-30T18:45:00Z,VIR,Virtus Bologna,MAD,Real Madrid,74,68,AIG,PALADOZZA,5570,False,0,OLY,VIR
2025,E2025,E,RS,1,573db553-a896-4e58-9789-ca918dada8eb,E2025_8,8,True,Confirmed,2025-10-01T19:45:00,2025-10-01T20:45:00,2025-10-01T17:45:00Z,ULK,Fenerbahce Beko Istanbul,PRS,Paris Basketball,96,77,AMY,ULKER SPORTS AND EVENT HALL,13000,False,0,OLY,ULK
2025,E2025,E,RS,1,55c3f780-a1fd-4e25-a6a1-6bc9f8678a5c,E2025_9,9,True,Confirmed,2025-10-01T19:30:00,2025-10-01T19:30:00,2025-10-01T17:30:00Z,MCO,AS Monaco,ZAL,Zalgiris Kaunas,84,89,AUR2,SALLE GASTON MEDECIN,5000,False,0,OLY,ZAL
2025,E2025,E,RS,1,b9858235-d50b-4b17-85e3-c7348f84fde6,E2025_10,10,True,Confirmed,2025-10-01T20:00:00,2025-10-01T20:00:00,2025-10-01T18:00:00Z,ASV,LDLC ASVEL Villeurbanne,PAM,Valencia Basket,77,80,ASR,ASTROBALLE,5560,False,0,OLY,PAM
2025,E2025,E,RS,2,613d4c74-9a82-4ca6-a9fe-9935d87faf2c,E2025_11,11,True,Confirmed,2025-10-02T20:30:00,2025-10-02T20:30:00,2025-10-02T18:30:00Z,MUN,FC Bayern Munich,RED,Crvena Zvezda Meridianbet Belgrade,97,88,AVE1,SAP GARDEN,11500,False,0,OLY,MUN
2025,E2025,E,RS,2,f9712d11-f473-4a9f-8117-106f4c547ef4,E2025_12,12,True,Confirmed,2025-10-02T20:30:00,2025-10-02T20:30:00,2025-10-02T18:30:00Z,PAR,Partizan Mozzart Bet Belgrade,MIL,EA7 Emporio Armani Milan,80,78,ATM8,BELGRADE ARENA,21000,False,0,OLY,PAR
2025,E2025,E,RS,2,07795872-b37b-44ea-a333-6a04c61b54a7,E2025_13,13,True,Confirmed,2025-10-02T20:45:00,2025-10-02T20:45:00,2025-10-02T18:45:00Z,MAD,Real Madrid,OLY,Olympiacos Piraeus,89,77,ATI7,MOVISTAR ARENA,13109,False,0,OLY,MAD
2025,E2025,E,RS,2,58957997-e399-4175-abdb-5cb70e58e109,E2025_14,14,True,Confirmed,2025-10-03T19:30:00,2025-10-03T19:30:00,2025-10-03T17:30:00Z,IST,Anadolu Efes Istanbul,HTA,Hapoel IBI Tel Aviv,81,87,AUA,MORACA,5262,False,0,OLY,HTA
2025,E2025,E,RS,2,d0ac221a-ff51-4f51-8cab-17039754b4d8,E2025_15,15,True,Confirmed,2025-10-03T21:30:00,2025-10-03T21:30:00,2025-10-03T19:30:00Z,TEL,Maccabi Rapyd Tel Aviv,PRS,Paris Basketball,94,101,AUF4,ALEKSANDAR NIKOLIC HALL,8000,False,0,OLY,PRS
2025,E2025,E,RS,2,6698341a-e156-4aca-ad1d-6cdf23a8bddc,E2025_16,16,True,Confirmed,2025-10-03T19:30:00,2025-10-03T19:30:00,2025-10-03T17:30:00Z,MCO,AS Monaco,DUB,Dubai Basketball,103,81,AUR2,SALLE GASTON MEDECIN,5000,False,0,OLY,MCO
2025,E2025,E,RS,2,624a6859-6acf-4757-9820-fb96a51f8a96,E2025_17,17,True,Confirmed,2025-10-03T20:00:00,2025-10-03T20:00:00,2025-10-03T18:00:00Z,ASV,LDLC ASVEL Villeurbanne,BAS,Kosner Baskonia Vitoria-Gasteiz,102,95,AUZ1,LDLC ARENA,12523,False,0,OLY,ASV
2025,E2025,E,RS,2,df5208b7-c5ed-4b34-85f4-771d0ccee8b4,E2025_18,18,True,Confirmed,2025-10-03T20:15:00,2025-10-03T21:15:00,2025-10-03T18:15:00Z,PAN,Panathinaikos AKTOR Athens,BAR,FC Barcelona,96,103,AUM6,TELEKOM CENTER ATHENS,18500,False,0,OLY,BAR
2025,E2025,E,RS,2,831e8bda-1cf4-41bb-b2f2-4fa18eb66a83,E2025_19,19,True,Confirmed,2025-10-03T20:30:00,2025-10-03T20:30:00,2025-10-03T18:30:00Z,PAM,Valencia Basket,VIR,Virtus Bologna,103,94,AVJ1,ROIG ARENA,15600,False,0,OLY,PAM
2025,E2025,E,RS,2,c4fd9536-4465-4adf-96c0-f0b376bcd49a,E2025_20,20,True,Confirmed,2025-10-03T19:00:00,2025-10-03T20:00:00,2025-10-03T17:00:00Z,ZAL,Zalgiris Kaunas,ULK,Fenerbahce Beko Istanbul,84,81,ATJ,ZALGIRIO ARENA,15415,False,0,OLY,ZAL
