season_code,round,game_id,game_code,game_utc_date,player_id,player_name,team_id,opponent_id,home_away,jersey_number,is_starter,is_playing_flag,minutes_raw,minutes,did_not_play,points,two_pointers_made,two_pointers_attempted,three_pointers_made,three_pointers_attempted,free_throws_made,free_throws_attempted,offensive_rebounds,defensive_rebounds,total_rebounds,assists,steals,turnovers,blocks,blocks_received,fouls_committed,fouls_drawn,pir,plus_minus
E2025,1,36b71746-aa99-4b5f-bac4-986444b0b917,1,2025-09-30T17:45:00Z,P007200,"LARKIN, SHANE",IST,TEL,home,0,True,True,33:21,33.35,False,14,5,8,0,4,4,6,1,3,4,5,0,2,0,1,3,4,12,8
E2025,1,36b71746-aa99-4b5f-bac4-986444b0b917,1,2025-09-30T17:45:00Z,P006590,"BEAUBOIS, RODRIGUE",IST,TEL,home,1,False,False,DNP,,True,0,0,0,0,0,0,0,0,0,0,0,0,0,0,0,0,0,0,0
E2025,1,36b71746-aa99-4b5f-bac4-986444b0b917,1,2025-09-30T17:45:00Z,P011201,"HAZER, SEHMUS",IST,TEL,home,2,False,False,07:41,7.6833,False,0,0,1,0,2,0,0,2,2,4,0,1,4,0,1,1,0,-4,-1
E2025,1,36b71746-aa99-4b5f-bac4-986444b0b917,1,2025-09-30T17:45:00Z,P009754,"LOYD, JORDAN",IST,TEL,home,3,False,True,24:15,24.25,False,16,2,2,4,8,0,0,1,1,2,1,0,2,0,0,1,3,15,6
E2025,1,36b71746-aa99-4b5f-bac4-986444b0b917,1,2025-09-30T17:45:00Z,P010391,"WEILER-BABB, NICK",IST,TEL,home,8,True,True,22:53,22.8833,False,12,1,1,3,4,1,1,0,4,4,3,2,1,0,0,3,3,19,4
E2025,1,36b71746-aa99-4b5f-bac4-986444b0b917,1,2025-09-30T17:45:00Z,P005844,"PAPAGIANNIS, GEORGIOS",IST,TEL,home,9,False,False,13:20,13.3333,False,2,1,2,0,1,0,0,4,3,7,1,0,0,0,0,2,3,9,7
E2025,1,36b71746-aa99-4b5f-bac4-986444b0b917,1,2025-09-30T17:45:00Z,P009549,"CORDINIER, ISAIA",IST,TEL,home,10,True,True,30:50,30.8333,False,7,3,7,0,4,1,1,2,1,3,2,0,0,0,1,2,2,3,11
E2025,1,36b71746-aa99-4b5f-bac4-986444b0b917,1,2025-09-30T17:45:00Z,P007109,"SMITS, ROLANDS",IST,TEL,home,11,False,False,15:50,15.8333,False,16,5,7,2,3,0,0,1,2,3,1,1,0,0,0,2,1,17,8
E2025,1,36b71746-aa99-4b5f-bac4-986444b0b917,1,2025-09-30T17:45:00Z,P014025,"SWIDER, COLE",IST,TEL,home,21,False,False,01:47,1.7833,False,0,0,0,0,0,0,0,0,0,0,0,0,0,0,0,1,0,-1,-7
E2025,1,36b71746-aa99-4b5f-bac4-986444b0b917,1,2025-09-30T17:45:00Z,P012710,"OSMANI, ERCAN",IST,TEL,home,24,True,True,31:41,31.6833,False,12,4,7,0,3,4,5,2,2,4,2,2,3,0,0,2,3,11,13
E2025,1,36b71746-aa99-4b5f-bac4-986444b0b917,1,2025-09-30T17:45:00Z,P006372,"YILMAZ, ERKAN",IST,TEL,home,33,False,False,01:12,1.2,False,0,0,0,0,0,0,0,0,0,0,0,0,1,0,0,1,0,-2,-7
E2025,1,36b71746-aa99-4b5f-bac4-986444b0b917,1,2025-09-30T17:45:00Z,P014102,"JONES, KAI",IST,TEL,home,88,True,False,17:10,17.1667,False,6,2,2,0,0,2,2,0,5,5,0,0,1,1,0,3,1,9,-7
E2025,1,36b71746-aa99-4b5f-bac4-986444b0b917,1,2025-09-30T17:45:00Z,P006835,"HOARD, JAYLEN",TEL,IST,away,1,True,True,31:34,31.5667,False,15,3,6,2,3,3,4,3,6,9,2,0,1,0,0,0,2,22,-8
E2025,1,36b71746-aa99-4b5f-bac4-986444b0b917,1,2025-09-30T17:45:00Z,P013699,"CLARK III, JIMMY",TEL,IST,away,2,True,False,17:23,17.3833,False,7,3,9,0,2,1,1,2,1,3,1,3,1,0,1,5,3,2,-6
E2025,1,36b71746-aa99-4b5f-bac4-986444b0b917,1,2025-09-30T17:45:00Z,P013289,"SANTOS, MARCIO",TEL,IST,away,3,False,False,14:03,14.05,False,6,2,3,0,1,2,2,0,0,0,0,0,2,1,0,2,2,3,7
E2025,1,36b71746-aa99-4b5f-bac4-986444b0b917,1,2025-09-30T17:45:00Z,P007673,"TRIFUNOVIC, UROS",TEL,IST,away,6,False,False,03:10,3.1667,False,2,1,1,0,1,0,0,0,0,0,0,0,0,0,0,0,0,1,-3
E2025,1,36b71746-aa99-4b5f-bac4-986444b0b917,1,2025-09-30T17:45:00Z,P013403,"WALKER IV, LONNIE",TEL,IST,away,8,False,False,14:32,14.5333,False,3,0,0,1,6,0,0,1,0,1,0,3,0,0,0,0,1,3,0
E2025,1,36b71746-aa99-4b5f-bac4-986444b0b917,1,2025-09-30T17:45:00Z,P011219,"SORKIN, ROMAN",TEL,IST,away,9,True,True,25:34,25.5667,False,15,5,7,0,2,5,5,1,1,2,0,0,0,0,0,2,7,18,-14
E2025,1,36b71746-aa99-4b5f-bac4-986444b0b917,1,2025-09-30T17:45:00Z,P014127,"BRISSETT, O'SHAE J",TEL,IST,away,10,True,True,25:25,25.4167,False,9,3,6,1,3,0,1,1,6,7,1,0,1,0,0,4,2,8,-4
E2025,1,36b71746-aa99-4b5f-bac4-986444b0b917,1,2025-09-30T17:45:00Z,P013381,"RAYMAN, WILLIAM",TEL,IST,away,11,False,False,07:01,7.0167,False,0,0,0,0,1,0,0,2,0,2,0,0,0,0,0,1,0,0,-6
E2025,1,36b71746-aa99-4b5f-bac4-986444b0b917,1,2025-09-30T17:45:00Z,P007990,"DIBARTOLOMEO, JOHN",TEL,IST,away,12,False,True,09:26,9.4333,False,4,1,1,0,1,2,2,1,1,2,1,1,0,0,0,1,2,8,6
E2025,1,36b71746-aa99-4b5f-bac4-986444b0b917,1,2025-09-30T17:45:00Z,P014123,"DOWTIN JR, JEFFREY",TEL,IST,away,21,False,True,19:48,19.8,False,8,2,2,1,3,1,1,0,0,0,5,0,3,1,0,2,0,7,3
E2025,1,36b71746-aa99-4b5f-bac4-986444b0b917,1,2025-09-30T17:45:00Z,P014012,"LEAF, TJ",TEL,IST,away,22,False,False,08:26,8.4333,False,3,1,1,0,0,1,1,0,1,1,1,1,0,1,0,2,1,6,1
E2025,1,36b71746-aa99-4b5f-bac4-986444b0b917,1,2025-09-30T17:45:00Z,P011193,"BLATT, TAMIR",TEL,IST,away,45,True,False,23:38,23.6333,False,6,0,2,2,4,0,0,0,2,2,9,0,4,0,0,1,1,9,-11
E2025,2,613d4c74-9a82-4ca6-a9fe-9935d87faf2c,11,2025-10-02T18:30:00Z,P011244,"DA SILVA, OSCAR",MUN,RED,home,1,False,False,12:53,12.8833,False,12,6,6,0,0,0,0,3,1,4,1,2,1,0,0,0,0,18,10
E2025,2,613d4c74-9a82-4ca6-a9fe-9935d87faf2c,11,2025-10-02T18:30:00Z,P013378,"RATHAN-MAYES, XAVIER",MUN,RED,home,4,True,False,16:27,16.45,False,4,2,4,0,3,0,0,0,1,1,2,0,1,0,1,3,1,-2,0
E2025,2,613d4c74-9a82-4ca6-a9fe-9935d87faf2c,11,2025-10-02T18:30:00Z,P001557,"GIFFEY, NIELS",MUN,RED,home,5,False,False,16:47,16.7833,False,7,2,2,1,2,0,0,1,0,1,0,0,0,0,0,1,0,6,2
E2025,2,613d4c74-9a82-4ca6-a9fe-9935d87faf2c,11,2025-10-02T18:30:00Z,P004512,"KRATZER, LEON",MUN,RED,home,8,True,False,03:45,3.75,False,0,0,0,0,0,0,0,0,1,1,0,0,0,0,0,2,0,-1,-2
E2025,2,613d4c74-9a82-4ca6-a9fe-9935d87faf2c,11,2025-10-02T18:30:00Z,P013290,"JESSUP, JUSTINIAN",MUN,RED,home,10,False,False,14:26,14.4333,False,4,2,2,0,2,0,0,1,2,3,1,1,1,0,0,1,0,5,3
E2025,2,613d4c74-9a82-4ca6-a9fe-9935d87faf2c,11,2025-10-02T18:30:00Z,P001288,"LUCIC, VLADIMIR",MUN,RED,home,11,True,True,23:55,23.9167,False,10,3,5,1,3,1,2,0,1,1,0,0,1,0,0,4,1,2,7
E2025,2,613d4c74-9a82-4ca6-a9fe-9935d87faf2c,11,2025-10-02T18:30:00Z,P004508,"OBST, ANDREAS",MUN,RED,home,13,False,True,26:13,26.2167,False,31,0,0,9,16,4,5,2,1,3,0,1,0,0,0,1,4,30,10
E2025,2,613d4c74-9a82-4ca6-a9fe-9935d87faf2c,11,2025-10-02T18:30:00Z,P004863,"JOVIC, STEFAN",MUN,RED,home,16,True,True,23:10,23.1667,False,4,2,2,0,0,0,0,0,1,1,7,2,2,0,0,4,4,12,10
E2025,2,613d4c74-9a82-4ca6-a9fe-9935d87faf2c,11,2025-10-02T18:30:00Z,P011836,"MIKE, ISIAHA",MUN,RED,home,22,True,True,24:52,24.8667,False,11,2,4,2,3,1,2,1,3,4,4,1,1,0,0,3,4,16,6
E2025,2,613d4c74-9a82-4ca6-a9fe-9935d87faf2c,11,2025-10-02T18:30:00Z,P013383,"GABRIEL, WENYEN",MUN,RED,home,32,False,False,08:52,8.8667,False,2,1,1,0,0,0,0,1,0,1,1,0,0,1,0,1,1,5,-3
E2025,2,613d4c74-9a82-4ca6-a9fe-9935d87faf2c,11,2025-10-02T18:30:00Z,P013386,"MCCORMACK, DAVID",MUN,RED,home,33,False,True,14:30,14.5,False,3,1,3,0,0,1,2,0,5,5,0,1,2,0,0,4,2,2,4
E2025,2,613d4c74-9a82-4ca6-a9fe-9935d87faf2c,11,2025-10-02T18:30:00Z,P012597,"BALDWIN, KAMAR",MUN,RED,home,44,False,False,14:10,14.1667,False,9,3,5,1,3,0,0,0,0,0,4,1,0,0,0,3,1,8,-2
E2025,2,613d4c74-9a82-4ca6-a9fe-9935d87faf2c,11,2025-10-02T18:30:00Z,P009048,"MILLER-MCINTYRE, CODI",RED,MUN,away,0,True,True,32:57,32.95,False,18,2,5,4,8,2,2,0,4,4,4,0,3,0,0,2,5,19,-11
E2025,2,613d4c74-9a82-4ca6-a9fe-9935d87faf2c,11,2025-10-02T18:30:00Z,P014094,"MILJENOVIC, STEFAN",RED,MUN,away,2,False,False,DNP,,True,0,0,0,0,0,0,0,0,0,0,0,0,0,0,0,0,0,0,0
E2025,2,613d4c74-9a82-4ca6-a9fe-9935d87faf2c,11,2025-10-02T18:30:00Z,P012948,"NEDELJKOVIC, ALEKSEJ",RED,MUN,away,5,False,False,DNP,,True,0,0,0,0,0,0,0,0,0,0,0,0,0,0,0,0,0,0,0
E2025,2,613d4c74-9a82-4ca6-a9fe-9935d87faf2c,11,2025-10-02T18:30:00Z,P007960,"DAVIDOVAC, DEJAN",RED,MUN,away,7,False,True,19:20,19.3333,False,4,2,2,0,1,0,0,2,0,2,0,1,1,0,0,2,0,3,-7
E2025,2,613d4c74-9a82-4ca6-a9fe-9935d87faf2c,11,2025-10-02T18:30:00Z,P011305,"CARTER, TYSON",RED,MUN,away,11,False,True,29:52,29.8667,False,13,3,6,2,6,1,1,0,3,3,2,0,5,0,0,2,1,5,-6
E2025,2,613d4c74-9a82-4ca6-a9fe-9935d87faf2c,11,2025-10-02T18:30:00Z,P004866,"KALINIC, NIKOLA",RED,MUN,away,12,True,False,27:11,27.1833,False,5,0,0,1,1,2,2,1,2,3,2,0,4,0,0,3,4,7,-14
E2025,2,613d4c74-9a82-4ca6-a9fe-9935d87faf2c,11,2025-10-02T18:30:00Z,P014029,"IZUNDU, EBUKA",RED,MUN,away,15,True,False,20:40,20.6667,False,3,1,1,0,0,1,2,3,0,3,2,1,1,1,0,3,1,6,-2
E2025,2,613d4c74-9a82-4ca6-a9fe-9935d87faf2c,11,2025-10-02T18:30:00Z,P013013,"STOJKOVIC, LAZAR",RED,MUN,away,17,False,False,DNP,,True,0,0,0,0,0,0,0,0,0,0,0,0,0,0,0,0,0,0,0
E2025,2,613d4c74-9a82-4ca6-a9fe-9935d87faf2c,11,2025-10-02T18:30:00Z,P013363,"NWORA, JORDAN",RED,MUN,away,33,True,True,30:00,30.0,False,27,6,8,2,6,9,11,1,4,5,2,0,1,0,0,3,7,29,4
E2025,2,613d4c74-9a82-4ca6-a9fe-9935d87faf2c,11,2025-10-02T18:30:00Z,P011982,"OJELEYE, SEMI",RED,MUN,away,37,False,False,13:44,13.7333,False,3,1,2,0,0,1,2,1,0,1,0,0,0,0,0,0,2,4,-10
E2025,2,613d4c74-9a82-4ca6-a9fe-9935d87faf2c,11,2025-10-02T18:30:00Z,P011686,"RADOSIC, OGNJEN",RED,MUN,away,44,False,False,DNP,,True,0,0,0,0,0,0,0,0,0,0,0,0,0,0,0,0,0,0,0
E2025,2,613d4c74-9a82-4ca6-a9fe-9935d87faf2c,11,2025-10-02T18:30:00Z,P012201,"MONEKE, CHIMA",RED,MUN,away,95,True,True,26:16,26.2667,False,15,2,5,1,3,8,10,2,4,6,2,0,0,0,1,4,6,17,1
E2025,1,7e2477cd-e396-47da-aee6-f8ba486db00b,2,2025-09-30T18:30:00Z,P011948,"HOWARD, MARKUS",BAS,OLY,home,0,True,True,22:20,22.3333,False,12,0,1,4,11,0,0,0,0,0,2,0,2,0,0,4,2,2,12
E2025,1,7e2477cd-e396-47da-aee6-f8ba486db00b,2,2025-09-30T18:30:00Z,P014119,"NOWELL, MARKQUIS",BAS,OLY,home,3,False,False,13:50,13.8333,False,6,1,1,1,4,1,2,0,1,1,2,1,4,0,0,3,1,0,-25
E2025,1,7e2477cd-e396-47da-aee6-f8ba486db00b,2,2025-09-30T18:30:00Z,P010035,"VILLAR, RAFA",BAS,OLY,home,4,False,False,00:03,0.05,False,0,0,0,0,0,0,0,0,0,0,0,0,0,0,0,0,0,0,0
E2025,1,7e2477cd-e396-47da-aee6-f8ba486db00b,2,2025-09-30T18:30:00Z,P014086,"DIALLO, HAMIDOU",BAS,OLY,home,6,True,True,20:29,20.4833,False,15,6,8,0,2,3,4,4,1,5,1,1,1,0,0,2,3,17,-2
E2025,1,7e2477cd-e396-47da-aee6-f8ba486db00b,2,2025-09-30T18:30:00Z,P007230,"SEDEKERSKIS, TADAS",BAS,OLY,home,8,True,False,24:50,24.8333,False,8,1,1,2,6,0,0,2,3,5,2,0,1,0,0,1,0,9,8
E2025,1,7e2477cd-e396-47da-aee6-f8ba486db00b,2,2025-09-30T18:30:00Z,P012080,"LUWAWU-CABARROT, TIMOTHE",BAS,OLY,home,9,False,True,24:47,24.7833,False,23,3,5,5,8,2,2,1,5,6,2,1,1,0,0,4,3,25,-2
E2025,1,7e2477cd-e396-47da-aee6-f8ba486db00b,2,2025-09-30T18:30:00Z,P008173,"SPAGNOLO, MATTEO",BAS,OLY,home,10,False,False,09:32,9.5333,False,0,0,1,0,0,0,0,0,0,0,2,1,0,0,0,1,0,1,-16
E2025,1,7e2477cd-e396-47da-aee6-f8ba486db00b,2,2025-09-30T18:30:00Z,P013367,"FORREST, TRENT",BAS,OLY,home,11,True,True,30:16,30.2667,False,14,4,7,0,3,6,6,0,2,2,10,2,1,0,0,2,3,22,14
E2025,1,7e2477cd-e396-47da-aee6-f8ba486db00b,2,2025-09-30T18:30:00Z,P008072,"DIOP, KHALIFA",BAS,OLY,home,18,True,True,21:19,21.3167,False,3,1,2,0,0,1,2,5,2,7,3,1,0,2,0,3,1,12,11
E2025,1,7e2477cd-e396-47da-aee6-f8ba486db00b,2,2025-09-30T18:30:00Z,P014026,"FRISCH, CLEMENT",BAS,OLY,home,25,False,False,14:06,14.1,False,8,1,1,2,4,0,0,0,2,2,0,0,0,1,0,1,1,9,-15
E2025,1,7e2477cd-e396-47da-aee6-f8ba486db00b,2,2025-09-30T18:30:00Z,P014107,"JOKSIMOVIC, STEFAN",BAS,OLY,home,77,False,False,00:01,0.0167,False,0,0,0,0,0,0,0,0,0,0,0,0,0,0,0,0,0,0,0
E2025,1,7e2477cd-e396-47da-aee6-f8ba486db00b,2,2025-09-30T18:30:00Z,P007579,"SAMANIC, LUKA",BAS,OLY,home,99,False,False,18:27,18.45,False,7,2,4,1,3,0,0,0,2,2,0,0,3,0,0,2,2,2,-15
E2025,1,7e2477cd-e396-47da-aee6-f8ba486db00b,2,2025-09-30T18:30:00Z,P008855,"WALKUP, THOMAS",OLY,BAS,away,0,True,True,27:34,27.5667,False,5,1,3,1,3,0,0,3,1,4,8,3,0,0,1,4,1,12,24
E2025,1,7e2477cd-e396-47da-aee6-f8ba486db00b,2,2025-09-30T18:30:00Z,P012610,"WARD, TYSON",OLY,BAS,away,3,False,False,14:51,14.85,False,11,1,1,1,1,6,6,0,1,1,1,0,1,0,0,1,5,16,-12
E2025,1,7e2477cd-e396-47da-aee6-f8ba486db00b,2,2025-09-30T18:30:00Z,P010392,"LARENTZAKIS, GIANNOULIS",OLY,BAS,away,5,False,False,DNP,,True,0,0,0,0,0,0,0,0,0,0,0,0,0,0,0,0,0,0,0
E2025,1,7e2477cd-e396-47da-aee6-f8ba486db00b,2,2025-09-30T18:30:00Z,P013389,"LEE, SABEN",OLY,BAS,away,9,False,False,15:06,15.1,False,4,2,3,0,0,0,0,0,0,0,2,1,0,0,0,0,0,6,-17
E2025,1,7e2477cd-e396-47da-aee6-f8ba486db00b,2,2025-09-30T18:30:00Z,P003469,"VEZENKOV, SASHA",OLY,BAS,away,14,True,True,28:33,28.55,False,24,6,12,2,8,6,6,5,8,13,1,0,2,0,0,1,4,27,8
E2025,1,7e2477cd-e396-47da-aee6-f8ba486db00b,2,2025-09-30T18:30:00Z,P001255,"PAPANIKOLAOU, KOSTAS",OLY,BAS,away,16,False,False,05:07,5.1167,False,0,0,0,0,0,0,0,0,1,1,2,0,2,0,0,1,0,0,-6
E2025,1,7e2477cd-e396-47da-aee6-f8ba486db00b,2,2025-09-30T18:30:00Z,P009849,"DORSEY, TYLER",OLY,BAS,away,22,True,True,32:13,32.2167,False,21,3,6,2,8,9,10,1,3,4,3,2,2,0,1,1,5,21,11
E2025,1,7e2477cd-e396-47da-aee6-f8ba486db00b,2,2025-09-30T18:30:00Z,P008829,"PETERS, ALEC",OLY,BAS,away,25,False,False,11:27,11.45,False,7,2,4,1,1,0,0,0,0,0,0,1,1,0,0,1,0,4,-2
E2025,1,7e2477cd-e396-47da-aee6-f8ba486db00b,2,2025-09-30T18:30:00Z,P003941,"MILUTINOV, NIKOLA",OLY,BAS,away,33,True,True,24:42,24.7,False,12,4,7,0,0,4,4,7,7,14,0,1,0,0,0,1,4,27,16
E2025,1,7e2477cd-e396-47da-aee6-f8ba486db00b,2,2025-09-30T18:30:00Z,P011221,"ANTETOKOUNMPO, KOSTAS",OLY,BAS,away,37,False,False,DNP,,True,0,0,0,0,0,0,0,0,0,0,0,0,0,0,0,0,0,0,0
E2025,1,7e2477cd-e396-47da-aee6-f8ba486db00b,2,2025-09-30T18:30:00Z,P011196,"HALL, DONTA",OLY,BAS,away,45,False,False,15:18,15.3,False,8,3,6,0,0,2,2,1,1,2,0,1,0,0,1,3,2,6,-10
E2025,1,7e2477cd-e396-47da-aee6-f8ba486db00b,2,2025-09-30T18:30:00Z,P013380,"FOURNIER, EVAN",OLY,BAS,away,94,True,True,25:09,25.15,False,10,3,4,0,5,4,4,0,1,1,2,1,1,0,0,3,2,6,18
