season_code,player_id,external_id,player_name,alias,passport_name,passport_surname,team_id,team_name,position_code,position,jersey_number,height_cm,weight_kg,birth_date,nationality_code,nationality,birth_country_code,active,membership_start,membership_end
E2025,003733,53103,"ABALDE, ALBERTO","ABALDE, ALBERTO",ALBERTO,ABALDE DIAZ,MAD,Real Madrid,2,Forward,6,202,95,1995-12-15T00:00:00,ESP,Spain,ESP,True,2025-09-15T10:57:47.032,2026-06-30T00:00:00
E2025,003527,53307,"ABASS, AWUDU",Abass,AWUDU ABASS,ABASS,DUB,Dubai Basketball,2,Forward,5,200,100,1993-01-27T00:00:00,ITA,Italy,ITA,True,2025-09-16T10:44:11.247,2026-06-30T00:00:00
E2025,013027,53588,"ACCORSI, MATTEO","ACCORSI, MATTEO",MATTEO,ACCORSI,VIR,Virtus Bologna,1,Guard,8,191,77,2007-05-13T00:00:00,ITA,Italy,ITA,True,2025-10-03T08:38:55.683,2026-06-30T00:00:00
E2025,010316,53172,"AJINCA, MELVIN","AJINCA, MELVIN",MELVIN PIERRE,AJINCA,ASV,LDLC ASVEL Villeurbanne,2,Forward,8,203,94,2004-06-26T00:00:00,FRA,France,FRA,True,2025-09-15T13:34:59.633,2026-06-30T00:00:00
E2025,011816,53092,"AKELE, NICOLA","AKELE, NICOLA",NICOLA,AKELE,VIR,Virtus Bologna,2,Forward,45,203,96,1995-11-07T00:00:00,ITA,Italy,ITA,True,2025-09-15T10:23:15.79,2026-06-30T00:00:00
E2025,010105,53106,"ALMANSA, IZAN","ALMANSA, IZAN",IZAN,ALMANSA,MAD,Real Madrid,2,Forward,13,208,98,2005-06-07T00:00:00,ESP,Spain,ESP,True,2025-09-15T10:57:47.846,2026-06-30T00:00:00
E2025,014005,53086,"ALSTON JR. , DERRICK","ALSTON JR. , DERRICK SAMUEL",DERRICK SAMUEL,ALSTON JR.,VIR,Virtus Bologna,2,Forward,21,207,95,1997-09-17T00:00:00,USA,United States of America,USA,True,2025-09-15T10:23:14.286,2026-06-30T00:00:00
E2025,012795,53291,"ANDERSON, JUSTIN","ANDERSON, JUSTIN LAMAR",JUSTIN LAMAR,ANDERSON,DUB,Dubai Basketball,2,Forward,10,198,104,1993-11-19T00:00:00,USA,United States of America,USA,True,2025-09-16T08:10:47.015,2026-06-30T00:00:00
E2025,000956,53308,"ANDJUSIC, DANILO",Andjusic,DANILO,ANDUSIC,DUB,Dubai Basketball,1,Guard,33,196,94,1991-04-22T00:00:00,SRB,Serbia,SRB,False,2025-09-16T10:44:11.499,2025-10-27T08:30:12.017
E2025,010465,53861,"ANGOLA, BRAIAN","ANGOLA RODAS, BRAIAN ALEXANDER",BRAIAN ALEXANDER,ANGOLA RODAS,ASV,LDLC ASVEL Villeurbanne,2,Forward,6,198,83,1994-04-06T00:00:00,COL,Colombia,COL,True,2026-01-21T15:45:21.845,2026-06-30T00:00:00
E2025,011221,53499,"ANTETOKOUNMPO, KOSTAS","ANTETOKOUNMPO, KOSTAS",NTOUMPOUISI,ANTETOKOUNMPO,OLY,Olympiacos Piraeus,3,Center,37,208,105,1997-11-20T00:00:00,GRE,Greece,GRE,False,2025-09-25T09:56:14.22,2026-01-12T15:51:38.827
E2025,014141,53613,"ARMSTRONG, TARAN","ARMSTRONG, TARAN",TARAN JET,ARMSTRONG,DUB,Dubai Basketball,1,Guard,22,196,87,2002-01-15T00:00:00,AUS,Australia,AUS,False,2025-10-13T08:48:32.78,2026-03-12T14:35:20.081
E2025,012268,53528,"ATAMNA, ADAM","ATAMNA, ADAM",ADAM,ATAMNA,ASV,LDLC ASVEL Villeurbanne,1,Guard,2,195,90,2007-12-06T00:00:00,FRA,France,FRA,True,2025-09-28T11:04:59.897,2026-06-30T00:00:00
E2025,003983,53479,"AVRAMOVIC, ALEKSA","AVRAMOVIC, A.",ALEKSA,AVRAMOVIC,DUB,Dubai Basketball,1,Guard,4,193,87,1994-10-25T00:00:00,SRB,Serbia,SRB,True,2025-09-25T09:01:12.966,2026-06-30T00:00:00
E2025,006904,53506,"AYAYI, JOEL",Ayayi,"JOEL, JEAN MICHEL, AYTE, OLUWA TOBY",AYAYI,PRS,Paris Basketball,1,Guard,11,196,86,2000-03-05T00:00:00,FRA,France,FRA,True,2025-09-25T10:01:43.473,2026-06-30T00:00:00
E2025,011286,53290,"BACON, DWAYNE","BACON, DWAYNE",DWAYNE LEE,BACON JR,DUB,Dubai Basketball,2,Forward,3,204,104,1995-08-30T00:00:00,USA,United States of America,USA,True,2025-09-16T08:10:46.785,2026-06-30T00:00:00
E2025,014015,53193,"BACOT JR., ARMANDO","BACOT JR., ARMANDO LINWOOD",ARMANDO LINWOOD,BACOT JR.,ULK,Fenerbahce Beko Istanbul,3,Center,00,208,0,2000-03-06T00:00:00,USA,United States of America,USA,True,2025-09-15T14:14:34.572,2026-06-30T00:00:00
E2025,007527,53094,"BADIO, BRANCOU","BADIO, BRANCOU",EL HADJI OMAR BRANCOU,BADIO,PAM,Valencia Basket,1,Guard,0,191,83,1999-02-17T00:00:00,SEN,Senegal,SEN,True,2025-09-15T10:43:05.392,2026-06-30T00:00:00
E2025,013028,54197,"BAIOCCHI, MATTEO","BAIOCCHI, MATTEO",MATTEO,BAIOCCHI,VIR,Virtus Bologna,1,Guard,2,196,90,2007-08-02T00:00:00,ITA,Italy,ITA,True,2026-02-25T10:55:09.013,2026-06-30T00:00:00
E2025,004655,53536,"BAKO, ISMAEL","BAKO, I.",ISMAEL,BAKO,PRS,Paris Basketball,3,Center,21,208,100,1995-10-10T00:00:00,BEL,Belgium,BEL,False,2025-09-28T11:16:29.193,2026-01-05T16:26:28.026
E2025,009863,53195,"BALDWIN IV, WADE","BALDWIN IV, WADE",WADE M,BALDWIN IV,ULK,Fenerbahce Beko Istanbul,1,Guard,2,193,90,1996-03-29T00:00:00,USA,United States of America,USA,True,2025-09-15T14:14:35.041,2026-06-30T00:00:00
E2025,012597,53214,"BALDWIN, KAMAR","BALDWIN, KAMAR",KAMAR MALIK,BALDWIN,MUN,FC Bayern Munich,1,Guard,44,185,86,1997-09-15T00:00:00,USA,United States of America,USA,True,2025-09-15T14:24:54.996,2026-06-30T00:00:00
E2025,006590,53259,"BEAUBOIS, RODRIGUE",Beaubois,RODRIGUE GABRIEL,BEAUBOIS,IST,Anadolu Efes Istanbul,1,Guard,1,188,84,1988-02-24T00:00:00,FRA,France,FRA,True,2025-09-16T06:35:18.346,2026-06-30T00:00:00
E2025,008161,53324,"BEGARIN, JUHANN","BEGARIN, JUHANN","JUHANN, MATHIEU",BEGARIN,MCO,AS Monaco,2,Forward,23,196,84,2002-08-07T00:00:00,FRA,France,FRA,True,2025-09-17T07:23:08.797,2026-06-30T00:00:00
E2025,003458,53481,"BERTANS, DAVIS",Bertans,DAVIS,BERTANS,DUB,Dubai Basketball,2,Forward,8,210,100,1992-11-12T00:00:00,LAT,Latvia,LAT,True,2025-09-25T09:01:13.514,2026-06-30T00:00:00
E2025,006961,53200,"BIBEROVIC, TARIK",Biberovic,TARIK,BIBEROVIC,ULK,Fenerbahce Beko Istanbul,2,Forward,13,201,91,2001-01-28T00:00:00,TUR,Turkiye,BIH,True,2025-09-15T14:14:36.353,2026-06-30T00:00:00
E2025,007182,53203,"BIRCH, KHEM","BIRCH, KHEM XAVIER",KHEM XAVIER,BIRCH,ULK,Fenerbahce Beko Istanbul,3,Center,92,206,106,1992-09-28T00:00:00,CAN,Canada,CAN,True,2025-09-15T14:14:37.095,2026-06-30T00:00:00
E2025,003091,53194,"BIRSEN, METECAN","BIRSEN, METECAN",JAMES METECAN,BIRSEN,ULK,Fenerbahce Beko Istanbul,2,Forward,1,205,89,1995-04-06T00:00:00,IRL,Ireland,TUR,True,2025-09-15T14:14:34.811,2026-06-30T00:00:00
E2025,005504,53471,"BIRUTIS, LAURYNAS","BIRUTIS, LAURYNAS",LAURYNAS,BIRUTIS,ZAL,Zalgiris Kaunas,3,Center,15,213,106,1997-08-27T00:00:00,LTU,Lithuania,LTU,True,2025-09-23T14:07:01.05,2026-06-30T00:00:00
E2025,007929,53553,"BITIM, ONURALP","BITIM, ONURALP",ONURALP,BITIM,ULK,Fenerbahce Beko Istanbul,2,Forward,17,196,89,1999-03-31T00:00:00,TUR,Turkiye,TUR,True,2025-09-29T11:22:46.761,2026-06-30T00:00:00
E2025,013402,53184,"BLAKENEY, ANTONIO","BLAKENEY, ANTONIO",ANTONIO DAVON,BLAKENEY,HTA,Hapoel IBI Tel Aviv,1,Guard,2,193,0,1996-10-04T00:00:00,USA,United States of America,USA,True,2025-09-15T13:49:05.089,2026-06-30T00:00:00
E2025,011193,53518,"BLATT, TAMIR","BLATT, TAMIR",TAMIR,BLATT,TEL,Maccabi Rapyd Tel Aviv,1,Guard,45,178,82,1997-05-04T00:00:00,ISR,Israel,ISR,True,2025-09-26T13:34:07.921,2026-06-30T00:00:00
E2025,011231,53320,"BLOSSOMGAME, JARON","BLOSSOMGAME, JARON",JARON SAMUEL,BLOSSOMGAME,MCO,AS Monaco,2,Forward,4,200,100,1993-09-16T00:00:00,USA,United States of America,USA,True,2025-09-17T07:23:07.768,2026-06-30T00:00:00
E2025,014105,53443,"BOL, JUOM MAKER","BOL MEEN, JUOM MAKER",JUOM MAKER,BOL MEEN,BAS,Kosner Baskonia Vitoria-Gasteiz,3,Center,21,208,91,2008-11-08T00:00:00,ESP,Spain,SSD,True,2025-09-23T13:18:23.93,2026-06-30T00:00:00
E2025,008985,53219,"BOLMARO, LEANDRO","BOLMARO, LEANDRO",LEANDRO NICOLAS,BOLMARO,MIL,EA7 Emporio Armani Milan,1,Guard,10,200,82,2000-09-11T00:00:00,ITA,Italy,ARG,True,2025-09-15T14:51:16.432,2026-06-30T00:00:00
E2025,009035,53855,"BOLOMBOY, JOEL","BOLOMBOY, JOEL",JOEL,BOLOMBOY,RED,Crvena Zvezda Meridianbet Belgrade,3,Center,21,204,103,1994-01-28T00:00:00,USA,United States of America,UKR,True,2026-01-14T16:00:17.909,2026-06-30T00:00:00
E2025,006760,53523,"BONGA, ISAAC","BONGA, ISAAC",ISAAC EVOLUE ETUE BOFENDA,BONGA,PAR,Partizan Mozzart Bet Belgrade,2,Forward,17,203,105,1999-11-08T00:00:00,GER,Germany,GER,True,2025-09-26T13:45:27.075,2026-06-30T00:00:00
E2025,007056,53483,"BOOKER, DEVIN",Booker,DEVIN RYDALE,BOOKER,MIL,EA7 Emporio Armani Milan,3,Center,6,205,113,1991-02-28T00:00:00,USA,United States of America,USA,True,2025-09-25T09:12:45.943,2026-06-30T00:00:00
E2025,012167,53118,"BOSNJAKOVIC, MITAR","BOSNJAKOVIC, MITAR",MITAR,BOSNJAKOVIC,PAR,Partizan Mozzart Bet Belgrade,1,Guard,8,196,92,2006-08-24T00:00:00,SRB,Serbia,SRB,True,2025-09-15T12:07:44.761,2026-06-30T00:00:00
E2025,014016,53199,"BOSTON JR., BRANDON","BOSTON JR., BRANDON ELLIOTT",BRANDON ELLIOTT,BOSTON JR,ULK,Fenerbahce Beko Istanbul,1,Guard,11,198,85,2001-11-28T00:00:00,USA,United States of America,USA,True,2025-09-15T14:14:36.132,2026-06-30T00:00:00
E2025,011983,53073,"BRAZDEIKIS, IGNAS","BRAZDEIKIS, IGNAS",IGNAS,BRAZDEIKIS,ZAL,Zalgiris Kaunas,2,Forward,8,201,98,1999-01-08T00:00:00,LTU,Lithuania,LTU,True,2025-09-15T10:09:28.915,2026-06-30T00:00:00
E2025,014127,53541,"BRISSETT, O'SHAE J","BRISSETT, O'SHAE J",OSHAE J,BRISSETT,TEL,Maccabi Rapyd Tel Aviv,2,Forward,10,201,95,1998-01-20T00:00:00,CAN,Canada,CAN,True,2025-09-28T16:53:55.373,2026-06-30T00:00:00
E2025,009992,53567,"BRIZUELA, DARIO","BRIZUELA, DARIO",DARIO,BRIZUELA ARRIETA,BAR,FC Barcelona,1,Guard,8,188,80,1994-11-08T00:00:00,ESP,Spain,ESP,True,2025-09-29T15:04:02.429,2026-06-30T00:00:00
E2025,013384,53220,"BROOKS, ARMONI","BROOKS, ARMONI",ARMONI DAETRELL NIKEE,BROOKS,MIL,EA7 Emporio Armani Milan,1,Guard,12,194,94,1998-06-05T00:00:00,USA,United States of America,USA,True,2025-09-15T14:51:16.669,2026-06-30T00:00:00
E2025,009622,53218,"BROWN, LORENZO","BROWN, LORENZO",LORENZO DONTEZ,BROWN,MIL,EA7 Emporio Armani Milan,1,Guard,2,196,89,1990-08-26T00:00:00,USA,United States of America,USA,True,2025-09-15T14:51:16.197,2026-06-30T00:00:00
E2025,012720,53121,"BROWN, STERLING","BROWN, STERLING",STERLING DAMARCO,BROWN,PAR,Partizan Mozzart Bet Belgrade,2,Forward,12,196,99,1995-02-10T00:00:00,USA,United States of America,USA,True,2025-09-15T12:07:45.479,2026-06-30T00:00:00
E2025,009846,53185,"BRYANT, ELIJAH","BRYANT, ELIJAH",ELIJAH BRIGHAM,BRYANT,HTA,Hapoel IBI Tel Aviv,1,Guard,3,196,99,1995-04-19T00:00:00,USA,United States of America,USA,True,2025-09-15T13:49:05.307,2026-06-30T00:00:00
E2025,002676,53079,"BUTKEVICIUS, ARNAS",Butkevicius,ARNAS,BUTKEVICIUS,ZAL,Zalgiris Kaunas,2,Forward,51,197,95,1992-10-22T00:00:00,LTU,Lithuania,LTU,True,2025-09-15T10:09:30.643,2026-06-30T00:00:00
E2025,014163,53664,"BUTLER, JARED","BUTLER, JARED GLADWYN",JARED GLADWYN,BUTLER,RED,Crvena Zvezda Meridianbet Belgrade,1,Guard,6,191,88,2000-08-25T00:00:00,USA,United States of America,USA,True,2025-10-29T12:39:43.149,2026-06-30T00:00:00
E2025,012096,53858,"CABOCLO, BRUNO","CABOCLO, BRUNO",BRUNO,CORREA FERNANDES CABOCLO,DUB,Dubai Basketball,3,Center,51,208,102,1995-09-21T00:00:00,BRA,Brazil,BRA,True,2026-01-19T13:09:51.719,2026-06-30T00:00:00
E2025,001932,53662,"CALATHES, NICK",Calathes,NICHOLAS WILLIAM,CALATHES,PAR,Partizan Mozzart Bet Belgrade,1,Guard,33,196,94,1989-02-07T00:00:00,GRE,Greece,USA,True,2025-10-29T09:47:03.102,2026-06-30T00:00:00
E2025,013269,53564,"CALE, MYLES","CALE, MYLES",MYLES ALEXANDER,CALE,BAR,FC Barcelona,2,Forward,3,198,95,1999-03-05T00:00:00,USA,United States of America,USA,True,2025-09-29T15:04:01.647,2026-06-30T00:00:00
E2025,005928,53464,"CAMPAZZO, FACUNDO",Campazzo,FACUNDO,CAMPAZZO,MAD,Real Madrid,1,Guard,7,181,84,1991-03-23T00:00:00,ESP,Spain,ARG,True,2025-09-23T13:58:40.944,2026-06-30T00:00:00
E2025,005379,53216,"CANCAR, VLATKO",Cancar,VLATKO,CANCAR,MIL,EA7 Emporio Armani Milan,2,Forward,0,203,107,1997-04-10T00:00:00,SLO,Slovenia,SLO,False,2025-09-15T14:51:15.669,2025-10-22T10:11:30.482
E2025,011305,53282,"CARTER, TYSON","CARTER, TYSON",TYSON GREGORY,CARTER,RED,Crvena Zvezda Meridianbet Belgrade,1,Guard,11,193,76,1998-01-14T00:00:00,USA,United States of America,USA,True,2025-09-16T07:14:59.479,2026-06-30T00:00:00
E2025,013373,53125,"CAVALIERE, LEOPOLD","CAVALIERE, LEOPOLD",LEOPOLD,CAVALIERE,PRS,Paris Basketball,2,Forward,4,202,97,1996-04-27T00:00:00,FRA,France,FRA,True,2025-09-15T12:23:25.871,2026-06-30T00:00:00
E2025,013699,53156,"CLARK III, JIMMY","CLARK III, JIMMY",JIMMY,CLARK JR III,TEL,Maccabi Rapyd Tel Aviv,1,Guard,2,190,83,2001-04-04T00:00:00,USA,United States of America,USA,True,2025-09-15T13:16:53.387,2026-06-30T00:00:00
E2025,004888,53573,"CLYBURN, WILL",Clyburn,WILLIAM DALEN,CLYBURN,BAR,FC Barcelona,2,Forward,21,201,99,1990-05-17T00:00:00,USA,United States of America,USA,True,2025-09-29T15:04:03.879,2026-06-30T00:00:00
E2025,009783,53202,"COLSON, BONZIE","COLSON, BONZIE",BONZIE ALEXANDER,COLSON II,ULK,Fenerbahce Beko Istanbul,2,Forward,50,198,102,1996-01-12T00:00:00,USA,United States of America,USA,True,2025-09-15T14:14:36.867,2026-06-30T00:00:00
E2025,009549,53262,"CORDINIER, ISAIA","CORDINIER, ISAIA",ISAIA,CORDINIER,IST,Anadolu Efes Istanbul,1,Guard,10,196,90,1996-11-28T00:00:00,FRA,France,FRA,True,2025-09-16T06:35:19.041,2026-06-30T00:00:00
E2025,010444,53496,"COSTELLO, MATTHEW","COSTELLO, MATTHEW",MATTHEW TYLER,COSTELLO,PAM,Valencia Basket,3,Center,24,208,109,1993-08-05T00:00:00,IVO,Ivory Coast,USA,True,2025-09-25T09:46:16.684,2026-06-30T00:00:00
E2025,011244,53205,"DA SILVA, OSCAR","DA SILVA, OSCAR",OSCAR LEON,DA SILVA,MUN,FC Bayern Munich,2,Forward,1,205,104,1998-09-21T00:00:00,GER,Germany,GER,True,2025-09-15T14:24:52.477,2026-06-30T00:00:00
E2025,005942,53306,"DANGUBIC, NEMANJA",Dangubic,NEMANJA,DANGUBIC,DUB,Dubai Basketball,2,Forward,2,204,99,1993-04-13T00:00:00,SRB,Serbia,SRB,True,2025-09-16T10:44:11.016,2026-06-30T00:00:00
E2025,007960,53281,"DAVIDOVAC, DEJAN","DAVIDOVAC, DEJAN",DEJAN,DAVIDOVAC,RED,Crvena Zvezda Meridianbet Belgrade,2,Forward,7,202,95,1995-01-17T00:00:00,SRB,Serbia,SRB,True,2025-09-16T07:14:59.219,2026-06-30T00:00:00
E2025,002100,53846,"DE COLO, NANDO",De Colo,NANDO BRUNO ALFRED ANDRE,DE COLO,ULK,Fenerbahce Beko Istanbul,1,Guard,12,196,91,1987-06-23T00:00:00,FRA,France,FRA,True,2026-01-12T15:34:46.774,2026-06-30T00:00:00
E2025,010750,53329,"DE LARREA, SERGIO","DE LARREA, SERGIO",SERGIO,DE LARREA,PAM,Valencia Basket,1,Guard,5,198,86,2005-12-04T00:00:00,ESP,Spain,ESP,True,2025-09-17T08:14:34.383,2026-06-30T00:00:00
E2025,009005,53107,"DECK, GABRIEL","DECK, GABRIEL",GABRIEL ALEJANDRO,DECK,MAD,Real Madrid,2,Forward,14,198,105,1995-02-08T00:00:00,ARG,Argentina,ARG,True,2025-09-15T10:57:48.224,2026-06-30T00:00:00
E2025,010318,53264,"DESSERT, BRICE","DESSERT, BRICE",BRICE PIERRE SIMON,DESSERT,IST,Anadolu Efes Istanbul,3,Center,13,211,113,2003-03-25T00:00:00,FRA,France,FRA,True,2025-09-16T06:35:19.489,2026-06-30T00:00:00
E2025,014027,53275,"DIAKITE, MAMADI","DIAKITE, MAMADI",MAMADI,DIAKITE,BAS,Kosner Baskonia Vitoria-Gasteiz,3,Center,1,210,94,1997-01-21T00:00:00,GUI,Guinea,GUI,True,2025-09-16T06:53:00.775,2026-06-30T00:00:00
E2025,011226,53322,"DIALLO, ALPHA","DIALLO, ALPHA",ALPHA SALIOU,DIALLO,MCO,AS Monaco,2,Forward,11,201,95,1997-06-29T00:00:00,USA,United States of America,USA,True,2025-09-17T07:23:08.306,2026-06-30T00:00:00
E2025,014086,53394,"DIALLO, HAMIDOU","DIALLO, HAMIDOU",HAMIDOU,DIALLO,BAS,Kosner Baskonia Vitoria-Gasteiz,2,Forward,6,196,92,1998-07-31T00:00:00,USA,United States of America,USA,False,2025-09-18T06:43:55.907,2025-12-09T13:37:30.694
E2025,014108,53467,"DIARRA, ALIOU","DIARRA, ALIOU FADIALA",ALIOU FADIALA,DIARRA,VIR,Virtus Bologna,3,Center,31,206,100,2001-12-31T00:00:00,MLI,Mali,MLI,True,2025-09-23T14:02:04.317,2026-06-30T00:00:00
E2025,007990,53162,"DIBARTOLOMEO, JOHN","DIBARTOLOMEO, JOHN",JOHN DANIEL,DI BARTOLOMEO,TEL,Maccabi Rapyd Tel Aviv,1,Guard,12,183,90,1991-06-20T00:00:00,ISR,Israel,USA,True,2025-09-15T13:16:54.932,2026-06-30T00:00:00
E2025,006085,53824,"DIMITRIJEVIC, NENO",ALEKSANDER DIMITRIJEVIC,NENAD,DIMITRIJEVIKJ,MUN,FC Bayern Munich,1,Guard,0,190,82,1998-02-23T00:00:00,MKD,North Macedonia,MKD,True,2026-01-05T15:43:15.364,2026-06-30T00:00:00
E2025,014162,53663,"DINWIDDIE, SPENCER","DINWIDDIE, SPENCER",SPENCER GRAY,DINWIDDIE,MUN,FC Bayern Munich,1,Guard,26,196,97,1993-04-06T00:00:00,USA,United States of America,USA,False,2025-10-29T12:10:47.802,2026-01-05T15:19:56.417
E2025,008072,53272,"DIOP, KHALIFA","DIOP, KHALIFA",KHALIFA ABABACAR,DIOP,BAS,Kosner Baskonia Vitoria-Gasteiz,3,Center,18,208,108,2002-01-15T00:00:00,SEN,Senegal,SEN,True,2025-09-16T06:52:28.122,2026-06-30T00:00:00
E2025,013385,53451,"DIOP, OUSMANE","DIOP, OUSMANE",OUSMANE,DIOP,MIL,EA7 Emporio Armani Milan,3,Center,25,204,108,2000-02-19T00:00:00,SEN,Senegal,SEN,True,2025-09-23T13:32:12.996,2026-06-30T00:00:00
E2025,013374,53091,"DIOUF, MOUHAMET","DIOUF, MOUHAMET",MOUHAMET RASSOUL,DIOUF,VIR,Virtus Bologna,3,Center,35,208,105,2001-10-09T00:00:00,ITA,Italy,SEN,True,2025-09-15T10:23:15.556,2026-06-30T00:00:00
E2025,004007,53284,"DOBRIC, OGNJEN",Dobric,OGNJEN,DOBRIC,RED,Crvena Zvezda Meridianbet Belgrade,2,Forward,13,200,93,1994-10-27T00:00:00,SRB,Serbia,CRO,True,2025-09-16T07:14:59.984,2026-06-30T00:00:00
E2025,014010,53129,"DOKOSSI, ALLAN","DOKOSSI, ALLAN",ALLAN,DOKOSSI,PRS,Paris Basketball,3,Center,13,203,97,1999-12-14T00:00:00,FRA,France,FRA,True,2025-09-15T12:23:27.052,2026-06-30T00:00:00
E2025,009849,53422,"DORSEY, TYLER","DORSEY, TYLER",TYLER QUINCY,DORSEY,OLY,Olympiacos Piraeus,1,Guard,22,196,83,1996-02-18T00:00:00,USA,United States of America,USA,True,2025-09-22T09:08:29.664,2026-06-30T00:00:00
E2025,012044,53601,"DOS SANTOS, YAGO","DOS SANTOS, YAGO",YAGO MATEUS,DOS SANTOS,RED,Crvena Zvezda Meridianbet Belgrade,1,Guard,99,175,70,1999-03-09T00:00:00,BRA,Brazil,BRA,True,2025-10-08T16:05:25.457,2026-06-30T00:00:00
E2025,014123,53526,"DOWTIN JR, JEFFREY","DOWTIN JR, JEFFREY",JEFFREY LEE,DOWTIN JR,TEL,Maccabi Rapyd Tel Aviv,1,Guard,21,191,95,1997-05-10T00:00:00,USA,United States of America,USA,True,2025-09-28T10:54:11.204,2026-06-30T00:00:00
E2025,012742,53265,"DOZIER, PJ","DOZIER JR, PERRY",PERRY LINNARD,DOZIER JR,IST,Anadolu Efes Istanbul,1,Guard,15,198,95,1996-10-25T00:00:00,USA,United States of America,USA,True,2025-09-16T06:35:19.685,2026-06-30T00:00:00
E2025,003048,53224,"DUNSTON, BRYANT",Dunston,BRYANT KEVIN,DUNSTON JR,MIL,EA7 Emporio Armani Milan,3,Center,42,203,114,1986-05-28T00:00:00,USA,United States of America,USA,True,2025-09-15T14:51:17.64,2026-06-30T00:00:00
E2025,006725,53823,"EBOUA, PAUL","EBOUA, PAUL",PAUL HERMAN,EBOUA,ASV,LDLC ASVEL Villeurbanne,3,Center,00,203,97,2000-02-15T00:00:00,CMR,Cameroon,CMR,True,2026-01-05T15:39:45.57,2026-06-30T00:00:00
E2025,011987,53083,"EDWARDS, CARSEN","EDWARDS, CARSEN",CARSEN CADE,EDWARDS,VIR,Virtus Bologna,1,Guard,3,180,91,1998-03-12T00:00:00,USA,United States of America,USA,True,2025-09-15T10:23:13.531,2026-06-30T00:00:00
E2025,014416,54190,"EDWARDS, KESSLER","EDWARDS, KESSLER",KESSLER DONOVAN,EDWARDS,HTA,Hapoel IBI Tel Aviv,2,Forward,15,204,105,2000-08-09T00:00:00,USA,United States of America,USA,True,2026-02-24T14:21:18.465,2026-06-30T00:00:00
E2025,014157,53653,"ELLIS, BOOGIE","ELLIS, BOOGIE",REJEAN AMOR,ELLIS,DUB,Dubai Basketball,1,Guard,9,188,85,2000-12-12T00:00:00,USA,United States of America,USA,False,2025-10-22T14:03:51.202,2026-03-16T12:11:42.795
E2025,012593,53449,"ELLIS, QUINN","ELLIS, QUINN",QUINN ALISTAIR,ELLIS,MIL,EA7 Emporio Armani Milan,1,Guard,3,195,83,2003-04-01T00:00:00,UK ,United Kingdom,UK ,True,2025-09-23T13:32:12.52,2026-06-30T00:00:00
E2025,008858,53188,"ENNIS, TYLER","ENNIS, TYLER",TYLER,ENNIS MCINTYRE,HTA,Hapoel IBI Tel Aviv,1,Guard,11,188,87,1994-08-24T00:00:00,CAN,Canada,CAN,False,2025-09-15T13:49:06.001,2026-02-23T10:39:07.872
E2025,011218,53148,"EVANS, KEENAN","EVANS, KEENAN",KEENAN CORTEZ,EVANS,OLY,Olympiacos Piraeus,1,Guard,2,191,86,1996-08-23T00:00:00,USA,United States of America,USA,False,2025-09-15T12:55:44.294,2025-12-22T14:52:56.974
E2025,008811,54199,"FALL, MOUSTAPHA","FALL, MOUSTAPHA",MOUSTAPHA FALOU,FALL,OLY,Olympiacos Piraeus,3,Center,10,218,127,1992-02-23T00:00:00,FRA,France,FRA,True,2026-02-25T15:07:09.067,2026-06-30T00:00:00
E2025,006568,53571,"FALL, YOUSSOUPHA",Fall,YOUSSOUPHA,FALL,BAR,FC Barcelona,3,Center,19,221,125,1995-01-12T00:00:00,FRA,France,SEN,True,2025-09-29T15:04:03.392,2026-06-30T00:00:00
E2025,011284,53685,"FARIED, KENNETH","FARIED, KENNETH",KENNETH BERNARD,FARIED-LEWIS II,PAN,Panathinaikos AKTOR Athens,3,Center,35,203,103,1989-11-19T00:00:00,USA,United States of America,USA,True,2025-11-10T16:29:37.773,2026-06-30T00:00:00
E2025,012403,53130,"FAYE, MOUHAMED","FAYE, MOUHAMED",MOUHAMED,FAYE,PRS,Paris Basketball,3,Center,15,209,98,2005-02-05T00:00:00,SEN,Senegal,SEN,True,2025-09-15T12:23:27.341,2026-06-30T00:00:00
E2025,011247,53112,"FELIZ, ANDRES","FELIZ, ANDRES",ANDRES RAFAEL,FELIZ SARITA,MAD,Real Madrid,1,Guard,24,186,92,1997-07-15T00:00:00,ESP,Spain,DOM,True,2025-09-15T10:57:49.772,2026-06-30T00:00:00
E2025,013667,53660,"FERNANDO, BRUNO","FERNANDO, BRUNO",BRUNO AFONSO  DAVID,FERNANDO,PAR,Partizan Mozzart Bet Belgrade,3,Center,24,208,106,1998-08-15T00:00:00,ANG,Angola,ANG,True,2025-10-28T07:11:48.915,2026-06-30T00:00:00
E2025,014219,53822,"FERRARI, FRANCESCO","FERRARI, FRANCESCO",FRANCESCO,FERRARI,VIR,Virtus Bologna,2,Forward,24,204,95,2005-08-18T00:00:00,ITA,Italy,ITA,True,2026-01-05T10:39:31.994,2026-06-30T00:00:00
E2025,005670,53222,"FLACCADORI, DIEGO",Flaccadori,DIEGO,FLACCADORI,MIL,EA7 Emporio Armani Milan,1,Guard,21,193,80,1996-04-05T00:00:00,ITA,Italy,ITA,True,2025-09-15T14:51:17.156,2026-06-30T00:00:00
E2025,013367,53271,"FORREST, TRENT","FORREST, LANDON TRENT",LANDON TRENT,FORREST,BAS,Kosner Baskonia Vitoria-Gasteiz,1,Guard,11,193,95,1998-06-12T00:00:00,USA,United States of America,USA,True,2025-09-16T06:52:27.887,2026-06-30T00:00:00
E2025,013380,53153,"FOURNIER, EVAN","FOURNIER, EVAN","EVAN , MEHDI",FOURNIER,OLY,Olympiacos Piraeus,2,Forward,94,200,92,1992-10-29T00:00:00,FRA,France,SUI,True,2025-09-15T12:55:45.594,2026-06-30T00:00:00
E2025,007975,53468,"FRANCISCO, SYLVAIN","FRANCISCO, SYLVAIN",SYLVAIN,FRANCISCO,ZAL,Zalgiris Kaunas,1,Guard,3,185,79,1997-10-10T00:00:00,FRA,France,FRA,True,2025-09-23T14:07:00.238,2026-06-30T00:00:00
E2025,014026,53273,"FRISCH, CLEMENT","FRISCH, CLEMENT",CLEMENT,FRISCH,BAS,Kosner Baskonia Vitoria-Gasteiz,2,Forward,25,201,100,2002-01-07T00:00:00,FRA,France,FRA,True,2025-09-16T06:52:28.373,2026-06-30T00:00:00
E2025,013383,53213,"GABRIEL, WENYEN","GABRIEL, WENYEN",WENYEN MAKUAC,GABRIEL,MUN,FC Bayern Munich,3,Center,32,206,100,1997-03-26T00:00:00,USA,United States of America,SUD,True,2025-09-15T14:24:54.737,2026-06-30T00:00:00
E2025,007630,53108,"GARUBA, USMAN","GARUBA, USMAN",USMAN,GARUBA ALARI,MAD,Real Madrid,3,Center,16,203,104,2002-03-09T00:00:00,ESP,Spain,ESP,True,2025-09-15T10:57:48.527,2026-06-30T00:00:00
E2025,007513,53074,"GIEDRAITIS, DOVYDAS","GIEDRAITIS, DOVYDAS",DOVYDAS,GIEDRAITIS,ZAL,Zalgiris Kaunas,1,Guard,9,193,88,2000-08-17T00:00:00,LTU,Lithuania,LTU,True,2025-09-15T10:09:29.234,2026-06-30T00:00:00
E2025,001557,53207,"GIFFEY, NIELS",Giffey,NIELS,GIFFEY,MUN,FC Bayern Munich,2,Forward,5,200,97,1991-06-08T00:00:00,GER,Germany,GER,True,2025-09-15T14:24:53.035,2026-06-30T00:00:00
E2025,010550,53192,"GINAT, TOMER","GINAT, TOMER",TOMER,GINAT,HTA,Hapoel IBI Tel Aviv,2,Forward,41,205,103,1994-11-07T00:00:00,ISR,Israel,ISR,True,2025-09-15T13:49:06.908,2026-06-30T00:00:00
E2025,014028,53280,"GRAHAM, DEVONTE","GRAHAM, DEVONTE TERRELL",DEVONTE TERRELL,GRAHAM,RED,Crvena Zvezda Meridianbet Belgrade,1,Guard,4,185,88,1995-02-22T00:00:00,USA,United States of America,USA,False,2025-09-16T07:14:58.961,2026-02-04T10:29:11.213
E2025,011204,53139,"GRANT, JERIAN","GRANT, JERIAN",HOLDYN JERIAN,GRANT,PAN,Panathinaikos AKTOR Athens,1,Guard,22,196,91,1992-10-09T00:00:00,USA,United States of America,USA,True,2025-09-15T12:45:41.975,2026-06-30T00:00:00
E2025,002328,53144,"GRIGONIS, MARIUS",Grigonis,MARIUS,GRIGONIS,PAN,Panathinaikos AKTOR Athens,1,Guard,40,198,93,1994-04-26T00:00:00,LTU,Lithuania,LTU,True,2025-09-15T12:45:43.158,2026-06-30T00:00:00
E2025,013555,53587,"GRINVALDS, GUNARS","GRINVALDS, G.",GUNARS,GRINVALDS,MAD,Real Madrid,2,Forward,33,200,88,2008-01-22T00:00:00,LAT,Latvia,LAT,True,2025-10-01T15:52:02.767,2026-06-30T00:00:00
E2025,004004,53453,"GUDURIC, MARKO",Guduric,MARKO,GUDURIC,MIL,EA7 Emporio Armani Milan,1,Guard,23,196,97,1995-03-08T00:00:00,SRB,Serbia,SRB,True,2025-09-23T13:34:07.238,2026-06-30T00:00:00
E2025,001844,53088,"HACKETT, DANIEL",Hackett,DANIEL LORENZO,HACKETT,VIR,Virtus Bologna,1,Guard,23,196,97,1987-12-19T00:00:00,ITA,Italy,ITA,True,2025-09-15T10:23:14.759,2026-06-30T00:00:00
E2025,011205,53201,"HALL, DEVON","HALL, DEVON",DEVON HOWARD,HALL,ULK,Fenerbahce Beko Istanbul,1,Guard,20,196,96,1995-07-07T00:00:00,USA,United States of America,USA,True,2025-09-15T14:14:36.596,2026-06-30T00:00:00
E2025,011196,53401,"HALL, DONTA","HALL, DONTA",DONTA LAVELL,HALL,OLY,Olympiacos Piraeus,3,Center,45,208,105,1997-08-07T00:00:00,USA,United States of America,USA,True,2025-09-18T07:08:55.373,2026-06-30T00:00:00
E2025,013304,53774,"HANKINS, ZACHARY","HANKINS, ZACHARY",ZACHARY SCOTT,HANKINS,TEL,Maccabi Rapyd Tel Aviv,3,Center,35,211,90,1996-07-27T00:00:00,USA,United States of America,USA,True,2025-12-10T14:24:16.18,2026-06-30T00:00:00
E2025,013371,53170,"HARRISON, SHAQUILLE","HARRISON, SHAQUILLE",SHAQUILLE,HARRISON,ASV,LDLC ASVEL Villeurbanne,2,Forward,3,193,86,1993-10-06T00:00:00,USA,United States of America,USA,True,2025-09-15T13:34:59.128,2026-06-30T00:00:00
E2025,010390,53323,"HAYES, KEVARRIUS","HAYES, KEVARRIUS",KEVARRIUS KESHAWN,HAYES,MCO,AS Monaco,3,Center,13,206,103,1997-03-05T00:00:00,USA,United States of America,USA,True,2025-09-17T07:23:08.56,2026-06-30T00:00:00
E2025,008962,54188,"HAYES-DAVIS, NIGEL","HAYES, NIGEL",NIGEL ALEXANDER,HAYES-DAVIS,PAN,Panathinaikos AKTOR Athens,2,Forward,11,203,103,1994-12-16T00:00:00,USA,United States of America,USA,True,2026-02-23T09:26:24.879,2026-06-30T00:00:00
E2025,011201,53439,"HAZER, SEHMUS","HAZER, SEHMUS",SEHMUS,HAZER,IST,Anadolu Efes Istanbul,1,Guard,2,195,87,1999-02-15T00:00:00,TUR,Turkiye,TUR,True,2025-09-23T13:10:26.653,2026-06-30T00:00:00
E2025,012712,53145,"HERNANGOMEZ, JUANCHO","HERNANGOMEZ, JUANCHO",JUAN ALBERTO,HERNANGOMEZ GEUER,PAN,Panathinaikos AKTOR Athens,2,Forward,41,206,97,1995-09-28T00:00:00,ESP,Spain,ESP,True,2025-09-15T12:45:43.364,2026-06-30T00:00:00
E2025,003196,53569,"HERNANGOMEZ, WILLY",Hernangomez,GUILLERMO GUSTAVO,HERNANGOMEZ GEUER,BAR,FC Barcelona,3,Center,14,209,113,1994-05-27T00:00:00,ESP,Spain,ESP,True,2025-09-29T15:04:02.895,2026-06-30T00:00:00
E2025,012611,53520,"HERRERA, SEBASTIAN","HERRERA, SEBASTIAN",SEBASTIAN ESTEBAN,HERRERA KRATZBORN,PRS,Paris Basketball,1,Guard,7,193,92,1997-11-01T00:00:00,CHI,Chile,CHI,True,2025-09-26T13:40:42.181,2026-06-30T00:00:00
E2025,KLT,53171,"HEURTEL, THOMAS",Heurtel,THOMAS DAVID,HEURTEL,ASV,LDLC ASVEL Villeurbanne,1,Guard,7,189,83,1989-04-10T00:00:00,FRA,France,FRA,True,2025-09-15T13:34:59.371,2026-06-30T00:00:00
E2025,003108,53105,"HEZONJA, MARIO",Hezonja,MARIO,HEZONJA,MAD,Real Madrid,2,Forward,11,206,110,1995-02-25T00:00:00,CRO,Croatia,CRO,True,2025-09-15T10:57:47.584,2026-06-30T00:00:00
E2025,012640,53505,"HIFI, NADIR","HIFI, NADIR",NADIR,HIFI,PRS,Paris Basketball,1,Guard,2,185,82,2002-07-16T00:00:00,FRA,France,FRA,True,2025-09-25T10:01:43.197,2026-06-30T00:00:00
E2025,006835,53155,"HOARD, JAYLEN",Hoard,JAYLEN TREMELL,HOARD,TEL,Maccabi Rapyd Tel Aviv,2,Forward,1,204,98,1999-03-30T00:00:00,USA,United States of America,FRA,True,2025-09-15T13:16:53.127,2026-06-30T00:00:00
E2025,009513,53212,"HOLLATZ, JUSTUS","HOLLATZ, JUSTUS",JUSTUS,HOLLATZ,MUN,FC Bayern Munich,1,Guard,21,195,87,2001-04-21T00:00:00,GER,Germany,GER,True,2025-09-15T14:24:54.447,2026-06-30T00:00:00
E2025,014011,53135,"HOLMES, RICHAUN","HOLMES, RICHAUN",RICHAUN DIANTE,HOLMES,PAN,Panathinaikos AKTOR Athens,3,Center,8,206,106,1993-10-15T00:00:00,USA,United States of America,USA,False,2025-09-15T12:45:40.842,2026-03-26T11:04:22.975
E2025,011949,53522,"HOMMES, DAULTON","HOMMES, DAULTON",DAULTON CRAIG,HOMMES,PRS,Paris Basketball,2,Forward,34,203,98,1996-07-04T00:00:00,USA,United States of America,USA,True,2025-09-26T13:40:42.617,2026-06-30T00:00:00
E2025,014124,53527,"HORTON TUCKER, TALEN","HORTON TUCKER, TALEN",TALEN JALEE,TUCKER,ULK,Fenerbahce Beko Istanbul,1,Guard,8,193,106,2000-11-25T00:00:00,USA,United States of America,USA,True,2025-09-28T11:03:39.411,2026-06-30T00:00:00
E2025,011948,53267,"HOWARD, MARKUS","HOWARD, MARKUS",MARKUS ANTHONY,HOWARD,BAS,Kosner Baskonia Vitoria-Gasteiz,1,Guard,0,178,79,1999-03-03T00:00:00,USA,United States of America,USA,True,2025-09-16T06:52:26.898,2026-06-30T00:00:00
E2025,012365,53478,"HRABAR, VIT","HRABAR, VIT",VIT,HRABAR,BAS,Kosner Baskonia Vitoria-Gasteiz,2,Forward,33,204,83,2006-03-01T00:00:00,SLO,Slovenia,SLO,True,2025-09-25T08:53:40.201,2026-06-30T00:00:00
E2025,014133,53559,"IROEGBU, IKE","IROEGBU, IKE",IKENNA UGOCHUKWU,IROEGBU,PAM,Valencia Basket,1,Guard,18,188,88,1995-03-14T00:00:00,NGR,Nigeria,USA,False,2025-09-29T12:52:03.971,2025-10-24T16:30:21.258
E2025,014029,53286,"IZUNDU, EBUKA","EBUKA RUFUS, IZUNDU",EBUKA RUFUS,IZUNDU,RED,Crvena Zvezda Meridianbet Belgrade,3,Center,15,208,105,1996-06-28T00:00:00,NGR,Nigeria,NGR,True,2025-09-16T07:15:00.514,2026-06-30T00:00:00
E2025,000229,53174,"JACKSON, EDWIN",Jackson,EDWIN PIERRE,JACKSON,ASV,LDLC ASVEL Villeurbanne,2,Forward,11,190,92,1989-09-18T00:00:00,FRA,France,FRA,True,2025-09-15T13:35:00.162,2026-06-30T00:00:00
E2025,005422,53090,"JALLOW, KARIM",Jallow,KARIM JOHANNES,JALLOW,VIR,Virtus Bologna,2,Forward,34,198,90,1997-04-13T00:00:00,GER,Germany,GER,True,2025-09-15T10:23:15.315,2026-06-30T00:00:00
E2025,005985,53549,"JAMES, MIKE",James,MICHAEL PERRY,JAMES,MCO,AS Monaco,1,Guard,55,185,90,1990-08-18T00:00:00,USA,United States of America,USA,True,2025-09-29T09:49:46.74,2026-06-30T00:00:00
E2025,012613,53514,"JANTUNEN, MIKAEL","JANTUNEN, MIKAEL",MIKAEL,JANTUNEN,ULK,Fenerbahce Beko Istanbul,2,Forward,18,204,100,2000-04-20T00:00:00,FIN,Finland,FIN,True,2025-09-26T13:28:18.125,2026-06-30T00:00:00
E2025,009733,53828,"JEKIRI, TONYE","JEKIRI, TONYE",TONYE FRANK,JEKIRI,PAR,Partizan Mozzart Bet Belgrade,3,Center,23,212,100,1994-07-23T00:00:00,NGR,Nigeria,NGR,True,2026-01-07T16:12:53.705,2026-06-30T00:00:00
E2025,013290,53208,"JESSUP, JUSTINIAN","JESSUP, JUSTINIAN",JUSTINIAN LEWIS,JESSUP,MUN,FC Bayern Munich,1,Guard,10,198,97,1998-05-23T00:00:00,USA,United States of America,USA,True,2025-09-15T14:24:53.256,2026-06-30T00:00:00
E2025,014107,53445,"JOKSIMOVIC, STEFAN","JOKSIMOVIC, STEFAN",STEFAN,JOKSIMOVIC,BAS,Kosner Baskonia Vitoria-Gasteiz,2,Forward,77,194,83,2008-11-16T00:00:00,SLO,Slovenia,SLO,True,2025-09-23T13:18:24.51,2026-06-30T00:00:00
E2025,013369,53114,"JONES, CARLIK","JONES, CARLIK",CARLIK ANTHONY,JONES,PAR,Partizan Mozzart Bet Belgrade,1,Guard,1,183,86,1997-12-23T00:00:00,USA,United States of America,USA,True,2025-09-15T12:07:43.791,2026-06-30T00:00:00
E2025,010568,53183,"JONES, CHRIS","JONES, CHRIS",CHRISTOPHER JAMES,JONES JR,HTA,Hapoel IBI Tel Aviv,1,Guard,1,188,99,1993-04-10T00:00:00,USA,United States of America,USA,True,2025-09-15T13:49:04.854,2026-06-30T00:00:00
E2025,014102,53438,"JONES, KAI","JONES, KAI",KAI MARTINEZ,JONES,IST,Anadolu Efes Istanbul,3,Center,88,211,105,2001-01-19T00:00:00,BAH,Bahamas,USA,True,2025-09-23T13:05:58.452,2026-06-30T00:00:00
E2025,011981,53829,"JONES, TYRIQUE","JONES, TYRIQUE",TYRIQUE DANIEL,JONES,OLY,Olympiacos Piraeus,3,Center,88,206,108,1997-05-03T00:00:00,USA,United States of America,USA,True,2026-01-07T17:04:40.068,2026-06-30T00:00:00
E2025,014316,54001,"JOSEPH, CORY","JOSEPH, CORY EPHRAM",CORY EPHRAM,JOSEPH,OLY,Olympiacos Piraeus,1,Guard,34,188,90,1991-08-20T00:00:00,CAN,Canada,CAN,True,2026-01-28T14:33:18.537,2026-06-30T00:00:00
E2025,004863,53404,"JOVIC, STEFAN",Jovic,STEFAN,JOVIC,MUN,FC Bayern Munich,1,Guard,16,196,98,1990-11-03T00:00:00,SRB,Serbia,SRB,True,2025-09-18T07:16:40.554,2026-06-30T00:00:00
E2025,012796,53294,"KABENGELE, MFIONDU","KABENGELE, MFIONDU",MFIONDU,TSHIMANGA KABENGELE,DUB,Dubai Basketball,3,Center,17,208,115,1997-08-14T00:00:00,CAN,Canada,CAN,True,2025-09-16T08:10:47.812,2026-06-30T00:00:00
E2025,011209,53134,"KALAITZAKIS, PANAGIOTIS","KALAITZAKIS, PANAGIOTIS",PANAGIOTIS,KALAITZAKIS,PAN,Panathinaikos AKTOR Athens,1,Guard,5,200,92,1999-01-02T00:00:00,GRE,Greece,GRE,True,2025-09-15T12:45:40.434,2026-06-30T00:00:00
E2025,004866,53283,"KALINIC, NIKOLA",Kalinic,NIKOLA,KALINIC,RED,Crvena Zvezda Meridianbet Belgrade,2,Forward,12,202,102,1991-11-08T00:00:00,SRB,Serbia,SRB,True,2025-09-16T07:14:59.72,2026-06-30T00:00:00
E2025,008325,53448,"KAMENJAS, KENAN","KAMENJAS, KENAN",KENAN,KAMENJAS,DUB,Dubai Basketball,3,Center,34,207,110,2000-01-17T00:00:00,BIH,Bosnia and Herzegovina,BIH,True,2025-09-23T13:29:02.893,2026-06-30T00:00:00
E2025,012885,53543,"KEITA, SAYON","KEITA, S.",SAYON K,KEITA,BAR,FC Barcelona,3,Center,41,214,96,2008-03-01T00:00:00,MLI,Mali,MLI,True,2025-09-29T07:09:56.283,2026-06-30T00:00:00
E2025,014168,53679,"KEY, BRAXTON","KEY, BRAXTON ELLIS",BRAXTON ELLIS,KEY,PAM,Valencia Basket,2,Forward,7,203,102,1997-02-14T00:00:00,USA,United States of America,USA,True,2025-11-05T10:40:09.273,2026-06-30T00:00:00
E2025,014031,53292,"KONDIC, KOSTA","KONDIC, KOSTA",KOSTA,KONDIC,DUB,Dubai Basketball,1,Guard,11,193,87,2001-08-05T00:00:00,SRB,Serbia,BIH,True,2025-09-16T08:10:47.296,2026-06-30T00:00:00
E2025,004451,53140,"KOUZELOGLOU, IOANNIS",Kouzeloglou,IOANNIS,KOUZELOGLOU,PAN,Panathinaikos AKTOR Athens,3,Center,24,204,95,1995-04-01T00:00:00,GRE,Greece,GRE,False,2025-09-15T12:45:42.2,2026-01-05T10:29:49.85
E2025,006482,53463,"KRAMER, DAVID",Kremer,DAVID,KRAEMER,MAD,Real Madrid,2,Forward,1,198,92,1997-01-14T00:00:00,GER,Germany,SVK,True,2025-09-23T13:58:40.714,2026-06-30T00:00:00
E2025,004512,53455,"KRATZER, LEON",Kratzer,LEON,KRATZER,MUN,FC Bayern Munich,3,Center,8,212,111,1997-02-04T00:00:00,GER,Germany,GER,True,2025-09-23T13:36:30.052,2026-06-30T00:00:00
E2025,005713,53268,"KURUCS, RODIONS",Kurucs,RODIONS,KURUCS,BAS,Kosner Baskonia Vitoria-Gasteiz,2,Forward,7,206,102,1998-02-05T00:00:00,LAT,Latvia,LAT,True,2025-09-16T06:52:27.139,2026-06-30T00:00:00
E2025,014128,53544,"KUSTURICA, NIKOLA","KUSTURICA, NIKOLA",NIKOLA,KUSTURICA,BAR,FC Barcelona,2,Forward,43,205,86,2009-04-30T00:00:00,SRB,Serbia,SRB,True,2025-09-29T07:09:56.601,2026-06-30T00:00:00
E2025,007736,53122,"LAKIC, ARIJAN","LAKIC, ARIJAN",ARIJAN,LAKIC,PAR,Partizan Mozzart Bet Belgrade,2,Forward,19,199,99,2000-01-20T00:00:00,SRB,Serbia,SRB,True,2025-09-15T12:07:45.694,2026-06-30T00:00:00
E2025,006435,53572,"LAPROVITTOLA, NICOLAS",Laprovittola,NICOLAS,LAPROVITTOLA,BAR,FC Barcelona,1,Guard,20,190,85,1990-01-31T00:00:00,ITA,Italy,ARG,True,2025-09-29T15:04:03.646,2026-06-30T00:00:00
E2025,010392,53420,"LARENTZAKIS, GIANNOULIS","LARENTZAKIS, GIANNOULIS",GIANNOULIS,LARENTZAKIS,OLY,Olympiacos Piraeus,1,Guard,5,196,88,1993-09-22T00:00:00,GRE,Greece,GRE,True,2025-09-22T09:08:29.169,2026-06-30T00:00:00
E2025,007200,53258,"LARKIN, SHANE","LARKIN, DESHANE DAVIS",DESHANE DAVIS,LARKIN,IST,Anadolu Efes Istanbul,1,Guard,0,180,82,1992-10-02T00:00:00,USA,United States of America,USA,True,2025-09-16T06:35:18.105,2026-06-30T00:00:00
E2025,014120,53516,"LAVI, GUR","GUR , LAVI",GUR GUR EL,LAVI,TEL,Maccabi Rapyd Tel Aviv,2,Forward,4,200,90,2001-03-27T00:00:00,ISR,Israel,ISR,True,2025-09-26T13:34:07.387,2026-06-30T00:00:00
E2025,014012,53163,"LEAF, TJ","LEAF, TJ",TY JACOB,LEAF,TEL,Maccabi Rapyd Tel Aviv,2,Forward,22,208,90,1997-04-30T00:00:00,USA,United States of America,ISR,True,2025-09-15T13:16:55.211,2026-06-30T00:00:00
E2025,008987,53221,"LEDAY, ZACH","LEDAY, ZACH",ZACHARY VINCENT,LEDAY,MIL,EA7 Emporio Armani Milan,2,Forward,16,202,106,1994-05-30T00:00:00,USA,United States of America,USA,True,2025-09-15T14:51:16.91,2026-06-30T00:00:00
E2025,013389,53821,"LEE, SABEN","LEE, SABEN",SABEN ANTHONIA,LEE,IST,Anadolu Efes Istanbul,1,Guard,5,188,95,1999-06-23T00:00:00,USA,United States of America,USA,True,2026-01-05T10:35:47.366,2026-06-30T00:00:00
E2025,014169,53680,"LEN, ALEX","LEN, ALEX",OLEKSII,LEN,MAD,Real Madrid,3,Center,25,213,120,1993-06-16T00:00:00,UKR,Ukraine,UKR,True,2025-11-05T14:46:42.788,2026-06-30T00:00:00
E2025,003842,53142,"LESSORT, MATHIAS","LESSORT, M.",MATHIAS MICHEL,LESSORT,PAN,Panathinaikos AKTOR Athens,3,Center,26,206,113,1995-09-29T00:00:00,FRA,France,FRA,True,2025-09-15T12:45:42.695,2026-06-30T00:00:00
E2025,003526,53176,"LIGHTY, DAVID",Lighty,DAVID MAURICE,LIGHTY JR,ASV,LDLC ASVEL Villeurbanne,2,Forward,23,198,100,1988-05-27T00:00:00,USA,United States of America,USA,True,2025-09-15T13:35:00.846,2026-06-30T00:00:00
E2025,TGB,53111,"LLULL, SERGIO",Llull,SERGIO,LLULL MELIA,MAD,Real Madrid,1,Guard,23,190,94,1987-11-15T00:00:00,ESP,Spain,ESP,True,2025-09-15T10:57:49.539,2026-06-30T00:00:00
E2025,007032,53470,"LO, MAODO",Lo,MAODO SYLVESTER LUIS,LO,ZAL,Zalgiris Kaunas,1,Guard,12,192,86,1992-12-31T00:00:00,GER,Germany,GER,True,2025-09-23T14:07:00.763,2026-06-30T00:00:00
E2025,005356,53098,"LOPEZ-AROSTEGUI, XABI","LOPEZ, XABI",XABIER,LOPEZ-AROSTEGUI,PAM,Valencia Basket,1,Guard,6,200,92,1997-05-19T00:00:00,ESP,Spain,ESP,True,2025-09-15T10:43:06.387,2026-06-30T00:00:00
E2025,009754,53511,"LOYD, JORDAN","LOYD, JORDAN",JORDAN KENNETH,LOYD,IST,Anadolu Efes Istanbul,1,Guard,3,194,91,1993-07-27T00:00:00,USA,United States of America,USA,True,2025-09-26T13:17:37.763,2026-06-30T00:00:00
E2025,001288,53209,"LUCIC, VLADIMIR",Lucic,VLADIMIR,LUCIC,MUN,FC Bayern Munich,2,Forward,11,204,95,1989-06-17T00:00:00,SRB,Serbia,SRB,True,2025-09-15T14:24:53.49,2026-06-30T00:00:00
E2025,010781,53710,"LUNDBERG, IFFE","LUNDBERG, IFFE",GABRIEL,LUNDBERG,TEL,Maccabi Rapyd Tel Aviv,1,Guard,0,193,94,1994-12-04T00:00:00,DEN,Denmark,DEN,True,2025-11-24T10:51:38.598,2026-06-30T00:00:00
E2025,012080,53276,"LUWAWU-CABARROT, TIMOTHE","LUWAWU-CABARROT, TIMOTHE",TIMOTHE BAPTISTE,LUWAWU KONGBO USAGE CABARROT-LUWAWU KONGBO,BAS,Kosner Baskonia Vitoria-Gasteiz,2,Forward,9,201,98,1995-05-09T00:00:00,FRA,France,FRA,True,2025-09-16T06:53:56.81,2026-06-30T00:00:00
E2025,014117,53507,"LYLES, TREY","LYLES, TREY",TREY,LYLES,MAD,Real Madrid,2,Forward,0,206,106,1995-11-05T00:00:00,CAN,Canada,CAN,True,2025-09-25T10:12:59.545,2026-06-30T00:00:00
E2025,011052,53457,"MADAR, YAM","MADAR, YAM",YAM,MADAR,HTA,Hapoel IBI Tel Aviv,1,Guard,26,190,78,2000-12-21T00:00:00,ISR,Israel,ISR,True,2025-09-23T13:41:39.756,2026-06-30T00:00:00
E2025,002969,53198,"MAHMUTOGLU, MELIH",Mahmutoglu,MELIH,MAHMUTOGLU,ULK,Fenerbahce Beko Istanbul,1,Guard,10,191,95,1990-05-12T00:00:00,TUR,Turkiye,TUR,True,2025-09-15T14:14:35.865,2026-06-30T00:00:00
E2025,011935,53321,"MAKOUNDOU, YOAN","MAKOUNDOU, YOAN",YOAN MAURICE JUNIOR,MAKOUNDOU,MCO,AS Monaco,3,Center,5,207,102,2000-08-09T00:00:00,FRA,France,FRA,False,2025-09-17T07:23:08.067,2026-03-09T08:29:57.313
E2025,012609,53189,"MALCOLM, COLLIN","MALCOLM, COLLIN",COLLIN,MALCOLM,HTA,Hapoel IBI Tel Aviv,2,Forward,17,200,91,1997-07-02T00:00:00,USA,United States of America,USA,True,2025-09-15T13:49:06.233,2026-06-30T00:00:00
E2025,007027,53465,"MALEDON, THEO",Maledon,THEO,MALEDON,MAD,Real Madrid,1,Guard,12,193,80,2001-06-12T00:00:00,FRA,France,FRA,True,2025-09-23T13:58:41.184,2026-06-30T00:00:00
E2025,011064,53217,"MANNION, NICCOLO","MANNION, NICCOLO",NICCOLO,MANNION,MIL,EA7 Emporio Armani Milan,1,Guard,1,190,85,2001-03-14T00:00:00,ITA,Italy,ITA,True,2025-09-15T14:51:15.902,2026-06-30T00:00:00
E2025,009948,53563,"MARCOS, JUANI","MARCOS, JUANI",JUAN IGNACIO,MARCOS,BAR,FC Barcelona,1,Guard,2,190,80,2000-07-06T00:00:00,ITA,Italy,ARG,True,2025-09-29T15:04:01.412,2026-06-30T00:00:00
E2025,004761,53119,"MARINKOVIC, VANJA",Marinkovic,VANJA,MARINKOVIC,PAR,Partizan Mozzart Bet Belgrade,2,Forward,9,199,97,1997-01-09T00:00:00,SRB,Serbia,SRB,True,2025-09-15T12:07:44.99,2026-06-30T00:00:00
E2025,012618,53173,"MASSA, BODIAN","MASSA, BODIAN",BODIAN,MASSA,ASV,LDLC ASVEL Villeurbanne,2,Forward,10,210,108,1997-10-21T00:00:00,FRA,France,FRA,True,2025-09-15T13:34:59.89,2026-06-30T00:00:00
E2025,007993,53521,"M'BAYE, AMATH","M'BAYE, AMATH",AMADOU AMATH GARVEY,MBAYE,PRS,Paris Basketball,2,Forward,22,206,99,1989-12-14T00:00:00,FRA,France,FRA,True,2025-09-26T13:40:42.404,2026-06-30T00:00:00
E2025,013386,53487,"MCCORMACK, DAVID","McCORMACK, DAVID",DAVID JOSEPH,MC CORMACK,MUN,FC Bayern Munich,3,Center,33,208,115,1999-07-02T00:00:00,USA,United States of America,USA,True,2025-09-25T09:20:53.347,2026-06-30T00:00:00
E2025,007853,53500,"MCKISSIC, SHAQUIELLE","MCKISSIC, SHAQUIELLE",SHAQUIELLE ONEAL,MCKISSIC,OLY,Olympiacos Piraeus,1,Guard,77,196,95,1990-08-17T00:00:00,USA,United States of America,USA,True,2025-09-25T09:56:14.471,2026-06-30T00:00:00
E2025,002849,53197,"MELLI, NICOLO",Melli,NICOLO,MELLI,ULK,Fenerbahce Beko Istanbul,2,Forward,4,205,112,1991-01-26T00:00:00,ITA,Italy,ITA,True,2025-09-15T14:14:35.551,2026-06-30T00:00:00
E2025,003836,53390,"MICHINEAU, DAVID","MICHINEAU, D.",DAVID BENOIT,MICHINEAU,MCO,AS Monaco,1,Guard,6,194,84,1994-06-06T00:00:00,FRA,France,FRA,False,2025-09-18T06:32:32.225,2026-03-09T08:29:57.434
E2025,002580,53489,"MICIC, VASILIJE",Micic,VASILIJE,MICIC,HTA,Hapoel IBI Tel Aviv,1,Guard,22,196,92,1994-01-13T00:00:00,SRB,Serbia,SRB,True,2025-09-25T09:30:28.824,2026-06-30T00:00:00
E2025,012943,53622,"MIJAILOVIC, UROS","MIJAILOVIC, UROS",UROS,MIJAILOVIC,PAR,Partizan Mozzart Bet Belgrade,2,Forward,10,197,86,2008-03-06T00:00:00,SRB,Serbia,SRB,True,2025-10-13T15:29:51.851,2026-06-30T00:00:00
E2025,012977,53602,"MIKALAUSKAS, KAJUS","MIKALAUSKAS, K.",KAJUS,MIKALAUSKAS,ZAL,Zalgiris Kaunas,1,Guard,4,191,81,2007-01-29T00:00:00,LTU,Lithuania,UK ,True,2025-10-08T16:07:51.389,2026-06-30T00:00:00
E2025,011836,53405,"MIKE, ISIAHA","MIKE, ISIAHA","ISIAHA, TYRIN",MIKE,MUN,FC Bayern Munich,2,Forward,22,200,103,1997-08-11T00:00:00,CAN,Canada,CAN,True,2025-09-18T07:16:40.825,2026-06-30T00:00:00
E2025,014094,53419,"MILJENOVIC, STEFAN","MILJENOVIC, STEFAN",STEFAN,MILJENOVIC,RED,Crvena Zvezda Meridianbet Belgrade,1,Guard,2,193,95,2001-08-21T00:00:00,SRB,Serbia,SRB,True,2025-09-22T07:51:04.277,2026-06-30T00:00:00
E2025,009048,53278,"MILLER-MCINTYRE, CODI","MILLER-MCINTYRE, CODI",CODI TYREE,MILLER-MC INTYRE,RED,Crvena Zvezda Meridianbet Belgrade,1,Guard,0,191,93,1994-06-01T00:00:00,USA,United States of America,USA,True,2025-09-16T07:14:58.479,2026-06-30T00:00:00
E2025,014007,53115,"MILTON, SHAKE","MILTON, MALIK",MALIK BENJAMIN,MILTON,PAR,Partizan Mozzart Bet Belgrade,1,Guard,2,196,93,1996-09-26T00:00:00,USA,United States of America,USA,True,2025-09-15T12:07:44.053,2026-06-30T00:00:00
E2025,003941,53498,"MILUTINOV, NIKOLA",Milutinov,NIKOLA,MILUTINOV,OLY,Olympiacos Piraeus,3,Center,33,213,114,1994-12-30T00:00:00,SRB,Serbia,SRB,True,2025-09-25T09:56:13.941,2026-06-30T00:00:00
E2025,000796,53327,"MIROTIC, NIKOLA",Mirotic,NIKOLA,MIROTIC STAJOVIC,MCO,AS Monaco,3,Center,33,208,106,1991-02-11T00:00:00,ESP,Spain,MNE,True,2025-09-17T07:23:09.53,2026-06-30T00:00:00
E2025,007866,53146,"MITOGLOU, KONSTANTINOS","MITOGLOU, KONSTANTINOS",KONSTANTINOS,MITOGLOU,PAN,Panathinaikos AKTOR Athens,2,Forward,44,210,113,1996-06-11T00:00:00,GRE,Greece,GRE,True,2025-09-15T12:45:43.584,2026-06-30T00:00:00
E2025,012201,53396,"MONEKE, CHIMA","MONEKE, CHIMA",NWACHUKWU IHEUKWUMERE CHIMA,MONEKE,RED,Crvena Zvezda Meridianbet Belgrade,2,Forward,95,196,101,1995-12-24T00:00:00,NGR,Nigeria,NGR,True,2025-09-18T06:45:55.005,2026-06-30T00:00:00
E2025,010042,53099,"MONTERO, JEAN","MONTERO BERROA, JEAN CLAUDIO",JEAN CLAUDIO,MONTERO BERROA,PAM,Valencia Basket,1,Guard,8,188,80,2003-07-03T00:00:00,DOM,Dominican Republic,DOM,True,2025-09-15T10:43:06.634,2026-06-30T00:00:00
E2025,014115,53494,"MOORE, OMARI","MOORE, OMARI KAMAU",OMARI KAMAU,MOORE,PAM,Valencia Basket,1,Guard,10,198,88,2000-09-18T00:00:00,USA,United States of America,USA,True,2025-09-25T09:43:40.373,2026-06-30T00:00:00
E2025,010431,53131,"MORGAN, JEREMY","MORGAN, JEREMY",JEREMY MICHAEL,MORGAN,PRS,Paris Basketball,2,Forward,20,199,89,1995-05-08T00:00:00,USA,United States of America,USA,True,2025-09-15T12:23:27.564,2026-06-30T00:00:00
E2025,012585,53089,"MORGAN, MATTHEW","MORGAN, MATTHEW",MATTHEW GARNELL,MORGAN,VIR,Virtus Bologna,1,Guard,30,188,79,1997-11-07T00:00:00,USA,United States of America,USA,True,2025-09-15T10:23:15.031,2026-06-30T00:00:00
E2025,014212,53803,"MORRIS, MONTE","MORRIS, MONTE ROBERT",MONTE MORRIS,MORRIS,OLY,Olympiacos Piraeus,1,Guard,11,188,83,1995-06-27T00:00:00,USA,United States of America,USA,True,2025-12-22T17:11:56.938,2026-06-30T00:00:00
E2025,LCZ,53600,"MOTIEJUNAS, DONATAS","MOTIEJUNAS, DONATAS",DONATAS,MOTIEJUNAS,RED,Crvena Zvezda Meridianbet Belgrade,3,Center,20,213,101,1990-09-20T00:00:00,LTU,Lithuania,LTU,True,2025-10-08T16:05:25.183,2026-06-30T00:00:00
E2025,011157,53182,"MOTLEY, JOHNATHAN","MOTLEY, JOHNATHAN",JOHNATHAN LANDUS,MOTLEY-HARVEY,HTA,Hapoel IBI Tel Aviv,3,Center,0,206,109,1995-05-04T00:00:00,USA,United States of America,USA,True,2025-09-15T13:49:04.635,2026-06-30T00:00:00
E2025,006540,53293,"MUSA, DZANAN","MUSA, DZANAN",DZANAN,MUSA,DUB,Dubai Basketball,1,Guard,13,206,102,1999-05-08T00:00:00,BIH,Bosnia and Herzegovina,BIH,True,2025-09-16T08:10:47.56,2026-06-30T00:00:00
E2025,008176,53440,"MUTAF, DAVID","MUTAF, DAVID",SARPER DAVID,MUTAF,IST,Anadolu Efes Istanbul,1,Guard,23,198,96,2002-06-14T00:00:00,TUR,Turkiye,TUR,True,2025-09-23T13:10:26.895,2026-06-30T00:00:00
E2025,012997,53582,"MUURINEN, MIIKKA","MUURINEN, MIIKKA OLIVERI",MIIKKA OLIVERI,MUURINEN,PAR,Partizan Mozzart Bet Belgrade,2,Forward,3,210,92,2007-03-04T00:00:00,FIN,Finland,FIN,True,2025-10-01T12:48:53.734,2026-06-30T00:00:00
E2025,007632,53117,"NAKIC, MARIO","NAKIC, MARIO",MARIO,NAKIC,PAR,Partizan Mozzart Bet Belgrade,2,Forward,7,202,101,2001-06-14T00:00:00,SRB,Serbia,SRB,True,2025-09-15T12:07:44.533,2026-06-30T00:00:00
E2025,012731,53177,"NDIAYE, MBAYE","NDIAYE, MBAYE",MBAYE,NDIAYE,ASV,LDLC ASVEL Villeurbanne,3,Center,24,204,100,1999-01-04T00:00:00,SEN,Senegal,SEN,True,2025-09-15T13:35:01.148,2026-06-30T00:00:00
E2025,011199,53223,"NEBO, JOSH","NEBO, JOSH",JOSHUA OKECHUKWU,NEBO,MIL,EA7 Emporio Armani Milan,3,Center,32,206,111,1997-07-17T00:00:00,SLO,Slovenia,USA,True,2025-09-15T14:51:17.396,2026-06-30T00:00:00
E2025,000848,53325,"NEDOVIC, NEMANJA",Nedovic,NEMANJA,NEDOVIC,MCO,AS Monaco,1,Guard,26,192,89,1991-06-16T00:00:00,SRB,Serbia,SRB,True,2025-09-17T07:23:09.055,2026-06-30T00:00:00
E2025,014122,53519,"NETZIPOGLOU, OMIROS","NETZIPOGLOU, OMIROS",OMIROS,NETZIPOGLOU,OLY,Olympiacos Piraeus,1,Guard,21,193,90,2002-11-18T00:00:00,GRE,Greece,GRE,False,2025-09-26T13:35:41.935,2026-04-03T07:19:54.576
E2025,009556,53599,"NGOUAMA, MEHDY","NGOUAMA, MEHDY",MEHDY SOFIAN,NGOUAMA,ASV,LDLC ASVEL Villeurbanne,1,Guard,16,188,82,1995-07-06T00:00:00,FRA,France,FRA,False,2025-10-07T13:55:11.3,2025-12-29T16:42:41.444
E2025,012687,53084,"NIANG, SALIOU","NIANG, SALIOU",SALIOU,NIANG,VIR,Virtus Bologna,2,Forward,7,199,86,2004-05-14T00:00:00,ITA,Italy,SEN,True,2025-09-15T10:23:13.763,2026-06-30T00:00:00
E2025,010162,53558,"NOGUES, ISAAC","NOGUES, ISAAC",ISAAC,NOGUES GONZALEZ,PAM,Valencia Basket,1,Guard,32,195,88,2004-02-10T00:00:00,ESP,Spain,ESP,True,2025-09-29T11:28:22.805,2026-06-30T00:00:00
E2025,014134,53565,"NORRIS, MILES","NORRIS, MILES",MILES BENJAMIN,NORRIS,BAR,FC Barcelona,2,Forward,5,201,100,2000-04-15T00:00:00,USA,United States of America,USA,True,2025-09-29T15:04:01.894,2026-06-30T00:00:00
E2025,014119,53512,"NOWELL, MARKQUIS","NOWELL, MARKQUIS",MARKQUIS MORRIS,NOWELL,BAS,Kosner Baskonia Vitoria-Gasteiz,1,Guard,3,170,75,1999-12-25T00:00:00,USA,United States of America,USA,True,2025-09-26T13:21:04.425,2026-06-30T00:00:00
E2025,006591,53579,"NTILIKINA, FRANK",Ntilikina,"FRANK, BRYAN",NTILIKINA,OLY,Olympiacos Piraeus,1,Guard,1,194,97,1998-07-28T00:00:00,FRA,France,FRA,True,2025-09-30T08:54:00.513,2026-06-30T00:00:00
E2025,010106,53570,"NUNEZ, JUAN","NUNEZ, JUAN",JUAN,NUNEZ GARCIA,BAR,FC Barcelona,1,Guard,17,193,87,2004-06-04T00:00:00,ESP,Spain,ESP,True,2025-09-29T15:04:03.118,2026-06-30T00:00:00
E2025,012774,53141,"NUNN, KENDRICK","NUNN, KENDRICK",KENDRICK MELVIN,NUNN,PAN,Panathinaikos AKTOR Athens,1,Guard,25,195,86,1995-08-03T00:00:00,USA,United States of America,USA,True,2025-09-15T12:45:42.457,2026-06-30T00:00:00
E2025,013363,53287,"NWORA, JORDAN","NWORA, JORDAN",JORDAN IFEANYI,NWORA,RED,Crvena Zvezda Meridianbet Belgrade,2,Forward,33,203,102,1998-09-09T00:00:00,USA,United States of America,USA,True,2025-09-16T07:15:00.756,2026-06-30T00:00:00
E2025,004508,53210,"OBST, ANDREAS",Obst,ANDREAS,OBST,MUN,FC Bayern Munich,1,Guard,13,191,81,1996-07-13T00:00:00,GER,Germany,GER,True,2025-09-15T14:24:53.722,2026-06-30T00:00:00
E2025,011823,53190,"ODIASE, TAI","ODIASE, TAI",TAI OSAZEEONAMEN,ODIASE,HTA,Hapoel IBI Tel Aviv,3,Center,21,206,109,1995-09-21T00:00:00,USA,United States of America,USA,True,2025-09-15T13:49:06.45,2026-06-30T00:00:00
E2025,011982,53288,"OJELEYE, SEMI","OJELEYE, SEMI",JESUSEMILORE TALODABIJESU,OJELEYE,RED,Crvena Zvezda Meridianbet Belgrade,2,Forward,37,198,108,1994-12-05T00:00:00,USA,United States of America,USA,True,2025-09-16T07:15:00.969,2026-06-30T00:00:00
E2025,014006,53104,"OKEKE, CHUMA","OKEKE, CHUMA",CHUKWUMA JULIAN,OKEKE,MAD,Real Madrid,3,Center,8,201,104,1998-08-18T00:00:00,USA,United States of America,USA,True,2025-09-15T10:57:47.348,2026-06-30T00:00:00
E2025,011212,53319,"OKOBO, ELIE","OKOBO, ELIE",ELIE-FRANCK,OKOBO,MCO,AS Monaco,1,Guard,0,191,95,1997-10-23T00:00:00,FRA,France,FRA,True,2025-09-17T07:23:07.287,2026-06-30T00:00:00
E2025,014121,53517,"OMORUYI, CLIFFORD","OMORUYI, CLIFFORD",CLIFFORD IYOBOSA,OMORUYI,TEL,Maccabi Rapyd Tel Aviv,3,Center,14,211,100,2001-10-11T00:00:00,NGR,Nigeria,BEN,False,2025-09-26T13:34:07.654,2025-12-11T13:55:17.883
E2025,014207,53795,"OMORUYI, EUGENE","OMORUYI, EUGENE",EUGENE,OMORUYI,BAS,Kosner Baskonia Vitoria-Gasteiz,3,Center,5,198,107,1997-02-14T00:00:00,CAN,Canada,NGR,True,2025-12-15T17:40:02.658,2026-06-30T00:00:00
E2025,010581,53331,"OSETKOWSKI, DYLAN","OSETKOWSKI, DYLAN",DYLAN,OSETKOWSKI,PAR,Partizan Mozzart Bet Belgrade,2,Forward,5,206,109,1996-08-08T00:00:00,USA,United States of America,USA,True,2025-09-17T08:22:27.824,2026-06-30T00:00:00
E2025,004088,53459,"OSMAN, CEDI",Osman,CEDI,OSMAN,PAN,Panathinaikos AKTOR Athens,2,Forward,6,204,104,1995-04-08T00:00:00,TUR,Turkiye,MKD,True,2025-09-23T13:50:22.947,2026-06-30T00:00:00
E2025,012710,53410,"OSMANI, ERCAN","OSMANI, ERCAN",ERCAN,OSMANI,IST,Anadolu Efes Istanbul,2,Forward,24,210,102,1998-08-04T00:00:00,TUR,Turkiye,ALB,True,2025-09-18T09:21:07.326,2026-06-30T00:00:00
E2025,012788,53191,"OTURU, DAN","OTURU, DAN",DANIEL AKINFAYOSHE,OTURU,HTA,Hapoel IBI Tel Aviv,3,Center,25,208,102,1999-09-20T00:00:00,USA,United States of America,USA,True,2025-09-15T13:49:06.667,2026-06-30T00:00:00
E2025,004197,53462,"OUATTARA, YAKUBA",Ouattara,YAKUBA,OUATTARA,PRS,Paris Basketball,1,Guard,24,192,102,1992-01-24T00:00:00,FRA,France,FRA,True,2025-09-23T13:52:58.862,2026-06-30T00:00:00
E2025,006739,53397,"PAJOLA, ALESSANDRO",Pajola,ALESSANDRO,PAJOLA,VIR,Virtus Bologna,1,Guard,6,194,89,1999-11-09T00:00:00,ITA,Italy,ITA,True,2025-09-18T06:59:34.353,2026-06-30T00:00:00
E2025,013283,53186,"PALATIN, GUY","PALATIN, GUY",GUY,PALATIN,HTA,Hapoel IBI Tel Aviv,1,Guard,9,195,0,2000-09-25T00:00:00,ISR,Israel,ISR,True,2025-09-15T13:49:05.546,2026-06-30T00:00:00
E2025,005844,53261,"PAPAGIANNIS, GEORGIOS","PAPAGIANNIS, G.",GEORGIOS,PAPAGIANNIS,IST,Anadolu Efes Istanbul,3,Center,9,220,110,1997-07-03T00:00:00,GRE,Greece,GRE,True,2025-09-16T06:35:18.808,2026-06-30T00:00:00
E2025,001255,53421,"PAPANIKOLAOU, KOSTAS",Papanikolaou,KONSTANTINOS,PAPANIKOLAOU,OLY,Olympiacos Piraeus,2,Forward,16,204,104,1990-07-31T00:00:00,GRE,Greece,GRE,True,2025-09-22T09:08:29.423,2026-06-30T00:00:00
E2025,012745,53123,"PARKER, JABARI","PARKER, JABARI",JABARI ALI,PARKER,PAR,Partizan Mozzart Bet Belgrade,2,Forward,22,203,113,1995-03-15T00:00:00,USA,United States of America,USA,False,2025-09-15T12:07:45.9,2026-03-11T14:21:51.957
E2025,007464,53575,"PARRA, JOEL","PARRA, JOEL",JOEL,PARRA LOPEZ,BAR,FC Barcelona,2,Forward,44,202,95,2000-04-04T00:00:00,ESP,Spain,ESP,True,2025-09-29T15:15:09.215,2026-06-30T00:00:00
E2025,014213,53805,"PAYNE, CAMERON","PAYNE, CAMERON",CAMERON,PAYNE,PAR,Partizan Mozzart Bet Belgrade,1,Guard,15,191,83,1994-08-08T00:00:00,USA,United States of America,USA,False,2025-12-23T09:08:21.393,2026-02-26T13:46:58.449
E2025,008829,53152,"PETERS, ALEC","PETERS, ALEC",ALEC JEFFREY,PETERS,OLY,Olympiacos Piraeus,2,Forward,25,206,107,1995-04-13T00:00:00,USA,United States of America,USA,True,2025-09-15T12:55:45.371,2026-06-30T00:00:00
E2025,011194,53296,"PETRUSEV, FILIP","PETRUSEV, FILIP",FILIP,PETRUSEV,DUB,Dubai Basketball,3,Center,30,211,107,2000-04-15T00:00:00,SRB,Serbia,SRB,True,2025-09-16T08:10:48.336,2026-06-30T00:00:00
E2025,006240,53279,"PLAVSIC, UROS",Plavsic,UROS,PLAVSIC,RED,Crvena Zvezda Meridianbet Belgrade,3,Center,1,217,120,1998-12-22T00:00:00,SRB,Serbia,SRB,False,2025-09-16T07:14:58.72,2026-03-17T13:08:15.88
E2025,004887,53772,"POIRIER, VINCENT","Poirier, Vincent",VINCENT YANN,POIRIER,IST,Anadolu Efes Istanbul,3,Center,17,213,110,1993-10-17T00:00:00,FRA,France,FRA,True,2025-12-10T14:19:59.153,2026-06-30T00:00:00
E2025,008232,53120,"POKUSEVSKI, ALEKSEJ","POKUSEVSKI, ALEKSEJ",ALEKSEJ,POKUSEVSKI,PAR,Partizan Mozzart Bet Belgrade,2,Forward,11,213,99,2001-12-26T00:00:00,SRB,Serbia,SRB,True,2025-09-15T12:07:45.219,2026-06-30T00:00:00
E2025,010393,53097,"PRADILLA, JAIME","PRADILLA, JAIME",JAIME,PRADILLA GAYAN,PAM,Valencia Basket,3,Center,4,205,104,2001-01-03T00:00:00,ESP,Spain,ESP,True,2025-09-15T10:43:06.166,2026-06-30T00:00:00
E2025,002661,53480,"PREPELIC, KLEMEN",Prepelic,KLEMEN,PREPELIC,DUB,Dubai Basketball,1,Guard,7,192,92,1992-10-20T00:00:00,SLO,Slovenia,SLO,True,2025-09-25T09:01:13.258,2026-06-30T00:00:00
E2025,008384,53508,"PROCIDA, GABRIELE","PROCIDA, GABRIELE",GABRIELE,PROCIDA,MAD,Real Madrid,2,Forward,9,201,88,2002-06-01T00:00:00,ITA,Italy,ITA,True,2025-09-25T10:12:59.79,2026-06-30T00:00:00
E2025,006643,53095,"PUERTO, JOSEP","PUERTO, JOSEP",JOSEP,PUERTO GUAITA,PAM,Valencia Basket,1,Guard,2,202,102,1999-03-08T00:00:00,ESP,Spain,ESP,True,2025-09-15T10:43:05.654,2026-06-30T00:00:00
E2025,009862,53562,"PUNTER, KEVIN","PUNTER, KEVIN",KEVIN XAVIER,PUNTER,BAR,FC Barcelona,1,Guard,0,193,86,1993-06-25T00:00:00,SRB,Serbia,USA,True,2025-09-29T15:04:01.177,2026-06-30T00:00:00
E2025,005683,54034,"RADANOV, ALEKSA",ALEKSA RADANOV,ALEKSA,RADANOV,PAR,Partizan Mozzart Bet Belgrade,2,Forward,13,202,95,1998-02-01T00:00:00,SRB,Serbia,SRB,True,2026-02-02T15:19:28.333,2026-06-30T00:00:00
E2025,011686,53447,"RADOSIC, OGNJEN","RADOSIC, OGNJEN",OGNJEN,RADOSIC,RED,Crvena Zvezda Meridianbet Belgrade,1,Guard,44,196,85,2006-05-26T00:00:00,SRB,Serbia,SRB,True,2025-09-23T13:25:51.835,2026-06-30T00:00:00
E2025,014190,53748,"RADZEVICIUS, GYTIS","RADZEVICIUS, GYTIS",GYTIS,RADZEVICIUS,BAS,Kosner Baskonia Vitoria-Gasteiz,1,Guard,17,198,91,1995-07-17T00:00:00,LTU,Lithuania,LTU,True,2025-12-03T17:54:49.161,2026-06-30T00:00:00
E2025,013382,54191,"RANDOLPH, LEVI","RANDOLPH, LEVI",LEVI,RANDOLPH,HTA,Hapoel IBI Tel Aviv,2,Forward,20,198,98,1992-10-03T00:00:00,USA,United States of America,USA,True,2026-02-24T14:21:18.701,2026-06-30T00:00:00
E2025,013378,53206,"RATHAN-MAYES, XAVIER","RATHAN-MAYES, XAVIER",XAVIER ANDREW,RATHAN,MUN,FC Bayern Munich,1,Guard,4,191,94,1994-04-29T00:00:00,CAN,Canada,CAN,True,2025-09-15T14:24:52.753,2026-06-30T00:00:00
E2025,013381,53161,"RAYMAN, WILLIAM","RAYMAN, WILLIAM",WILLIAM HENRY,RAYMAN,TEL,Maccabi Rapyd Tel Aviv,2,Forward,11,203,98,1997-04-01T00:00:00,ISR,Israel,USA,True,2025-09-15T13:16:54.692,2026-06-30T00:00:00
E2025,012738,53096,"REUVERS, NATHAN","REUVERS, NATHAN",NATHAN DONALD,REUVERS,PAM,Valencia Basket,2,Forward,3,209,104,1998-09-30T00:00:00,HUN,Hungary,USA,True,2025-09-15T10:43:05.919,2026-06-30T00:00:00
E2025,014178,53708,"RHODEN, JARED","RHODEN, JARED",MATTHEW JARED MELMOTH,RHODEN,PRS,Paris Basketball,1,Guard,8,198,89,1999-08-27T00:00:00,USA,United States of America,USA,True,2025-11-19T15:43:55.037,2026-06-30T00:00:00
E2025,001518,53452,"RICCI, GIAMPAOLO","RICCI, G.",GIAMPAOLO,RICCI,MIL,EA7 Emporio Armani Milan,2,Forward,17,201,102,1991-09-27T00:00:00,ITA,Italy,ITA,True,2025-09-23T13:34:06.72,2026-06-30T00:00:00
E2025,011214,53285,"RIVERO, JASIEL","RIVERO, JASIEL",JASIEL,RIVERO FERNANDEZ,RED,Crvena Zvezda Meridianbet Belgrade,3,Center,14,206,110,1993-10-31T00:00:00,CUB,Cuba,CUB,True,2025-09-16T07:15:00.236,2026-06-30T00:00:00
E2025,014008,53126,"ROBINSON, JUSTIN","ROBINSON, JUSTIN",JUSTIN MAURICE,ROBINSON,PRS,Paris Basketball,1,Guard,5,185,88,1997-10-12T00:00:00,USA,United States of America,USA,True,2025-09-15T12:23:26.141,2026-06-30T00:00:00
E2025,011085,53137,"ROGKAVOPOULOS, NIKOLAOS","ROGKAVOPOULOS, NIKOLAOS",NIKOLAOS AGAPITOS,ROGKAVOPOULOS,PAN,Panathinaikos AKTOR Athens,2,Forward,17,201,100,2001-06-27T00:00:00,GRE,Greece,GRE,True,2025-09-15T12:45:41.303,2026-06-30T00:00:00
E2025,009299,53077,"RUBSTAVICIUS, MANTAS","RUBSTAVICIUS, MANTAS",MANTAS,RUBSTAVICIUS,ZAL,Zalgiris Kaunas,1,Guard,17,198,84,2002-05-06T00:00:00,LTU,Lithuania,LTU,True,2025-09-15T10:09:30.025,2026-06-30T00:00:00
E2025,014177,53705,"RYAN, MATT","RYAN, MATT",MATTHEW RICHARD,RYAN,DUB,Dubai Basketball,2,Forward,32,198,98,1997-04-17T00:00:00,USA,United States of America,USA,False,2025-11-19T12:47:59.922,2026-03-16T12:11:42.886
E2025,010545,53100,"SAKO, NEAL","SAKO, NEAL",NEAL OMAR,SAKO,PAM,Valencia Basket,3,Center,12,210,96,1998-08-13T00:00:00,FRA,France,FRA,True,2025-09-15T10:43:06.869,2026-06-30T00:00:00
E2025,007579,53274,"SAMANIC, LUKA","SAMANIC, LUKA",LUKA,SAMANIC,BAS,Kosner Baskonia Vitoria-Gasteiz,3,Center,99,208,90,2000-01-09T00:00:00,CRO,Croatia,CRO,False,2025-09-16T06:52:28.619,2025-10-22T09:30:26.701
E2025,011442,53138,"SAMODUROV, ALEXANDROS","SAMODUROV, ALEXANDROS",ALEXANDROS,SAMONTOUROV,PAN,Panathinaikos AKTOR Athens,2,Forward,20,210,91,2005-04-20T00:00:00,GRE,Greece,GRE,True,2025-09-15T12:45:41.572,2026-06-30T00:00:00
E2025,002968,53482,"SANLI, SERTAC",Sanli,SERTAC,SANLI,DUB,Dubai Basketball,3,Center,15,212,115,1991-08-05T00:00:00,TUR,Turkiye,TUR,False,2025-09-25T09:07:53.72,2026-01-14T11:04:20.097
E2025,013289,53157,"SANTOS, MARCIO","SANTOS, MARCIO",MARCIO HENRIQUE,DA COSTA SANTOS,TEL,Maccabi Rapyd Tel Aviv,3,Center,3,204,120,2002-11-02T00:00:00,BRA,Brazil,BRA,True,2025-09-15T13:16:53.697,2026-06-30T00:00:00
E2025,002939,53568,"SATORANSKY, TOMAS",Satoransky,TOMAS,SATORANSKY,BAR,FC Barcelona,1,Guard,13,201,95,1991-10-30T00:00:00,CZE,Czech Republic,CZE,True,2025-09-29T15:04:02.665,2026-06-30T00:00:00
E2025,007230,53269,"SEDEKERSKIS, TADAS","SEDEKERSKIS, TADAS",TADAS,SEDEKERSKIS,BAS,Kosner Baskonia Vitoria-Gasteiz,2,Forward,8,206,98,1998-01-17T00:00:00,LTU,Lithuania,LTU,True,2025-09-16T06:52:27.398,2026-06-30T00:00:00
E2025,004161,53706,"SEGEV, ITAY",Segev,ITAY,SEGEV,HTA,Hapoel IBI Tel Aviv,3,Center,6,204,103,1995-06-15T00:00:00,ISR,Israel,ISR,True,2025-11-19T12:52:25.671,2026-06-30T00:00:00
E2025,014088,53402,"SELJAAS, ZACHARY","SELJAAS, ZACHARY",ZACHARY TODD,SELJAAS,ASV,LDLC ASVEL Villeurbanne,3,Center,1,200,110,1997-07-11T00:00:00,USA,United States of America,USA,True,2025-09-18T07:10:44.639,2026-06-30T00:00:00
E2025,011980,53651,"SESTINA, NATHAN","SESTINA, NATHAN",NATHAN MICHAEL,SESTINA,MIL,EA7 Emporio Armani Milan,2,Forward,77,203,104,1997-05-12T00:00:00,USA,United States of America,USA,True,2025-10-22T13:07:35.623,2026-06-30T00:00:00
E2025,012612,53461,"SHAHRVIN, ENZO","SHAHRVIN, ENZO",ENZO,SHAHRVIN,PRS,Paris Basketball,3,Center,18,201,103,2003-02-13T00:00:00,FRA,France,FRA,True,2025-09-23T13:52:58.566,2026-06-30T00:00:00
E2025,001133,53574,"SHENGELIA, TORNIKE",Shengelia,TORNIKE,SHENGELIA,BAR,FC Barcelona,3,Center,23,206,103,1991-10-05T00:00:00,GEO,Georgia,GEO,True,2025-09-29T15:04:04.129,2026-06-30T00:00:00
E2025,007831,53484,"SHIELDS, SHAVON","SHIELDS, SHAVON",SHAVON ODAY STOKHOLM,SHIELDS,MIL,EA7 Emporio Armani Milan,2,Forward,31,201,98,1994-06-05T00:00:00,DEN,Denmark,USA,True,2025-09-25T09:12:46.231,2026-06-30T00:00:00
E2025,012608,53133,"SHORTS, TJ","SHORTS II, TIMOTHY NEOCARTES",TIMOTHY NEOCARTES,SHORTS II,PAN,Panathinaikos AKTOR Athens,1,Guard,0,175,73,1997-10-15T00:00:00,USA,United States of America,USA,True,2025-09-15T12:45:40.209,2026-06-30T00:00:00
E2025,014220,53826,"SILVA, CHRIS","SILVA, CHRIS",JUNIOR CHRISTOPHER,OBAME CORREIA SILVA,ULK,Fenerbahce Beko Istanbul,3,Center,30,203,106,1996-09-19T00:00:00,GAB,Gabon,GAB,True,2026-01-05T16:36:31.905,2026-06-30T00:00:00
E2025,005596,53493,"SIMA, YANKUBA",YANKUBA SIMA,YANKUBA,SIMA FATTY,PAM,Valencia Basket,3,Center,77,209,107,1996-07-28T00:00:00,ESP,Spain,ESP,True,2025-09-25T09:43:40.103,2026-06-30T00:00:00
E2025,014152,53646,"SIMMONS, KOBI","SIMMONS, KOBI",KOBI,SIMMONS,BAS,Kosner Baskonia Vitoria-Gasteiz,1,Guard,2,192,77,1997-07-04T00:00:00,USA,United States of America,USA,True,2025-10-22T08:06:58.284,2026-06-30T00:00:00
E2025,007029,53472,"SIRVYDIS, DEIVIDAS","SIRVYDIS, DEIVIDAS",DEIVIDAS,SIRVYDIS,ZAL,Zalgiris Kaunas,1,Guard,91,204,96,2000-06-10T00:00:00,LTU,Lithuania,LTU,True,2025-09-23T14:07:01.333,2026-06-30T00:00:00
E2025,011927,53075,"SLEVA, DUSTIN","SLEVA, DUSTIN",DUSTIN NATHANIEL,SLEVA,ZAL,Zalgiris Kaunas,2,Forward,14,203,102,1995-09-23T00:00:00,USA,United States of America,USA,True,2025-09-15T10:09:29.54,2026-06-30T00:00:00
E2025,001926,53136,"SLOUKAS, KOSTAS",Sloukas,KONSTANTINOS,SLOUKAS,PAN,Panathinaikos AKTOR Athens,1,Guard,10,190,87,1990-01-15T00:00:00,GRE,Greece,GRE,True,2025-09-15T12:45:41.065,2026-06-30T00:00:00
E2025,011051,53466,"SMAILAGIC, ALEN","SMAILAGIC, ALEN",ALEN,SMAILAGIC,VIR,Virtus Bologna,2,Forward,9,206,105,2000-08-18T00:00:00,SRB,Serbia,SRB,True,2025-09-23T14:02:04.03,2026-06-30T00:00:00
E2025,007109,53263,"SMITS, ROLANDS","SMITS, ROLANDS",ROLANDS,SMITS,IST,Anadolu Efes Istanbul,2,Forward,11,208,107,1995-06-25T00:00:00,LAT,Latvia,LAT,True,2025-09-16T06:35:19.289,2026-06-30T00:00:00
E2025,011219,53160,"SORKIN, ROMAN","SORKIN, ROMAN",ROMAN,SORKIN,TEL,Maccabi Rapyd Tel Aviv,2,Forward,9,208,95,1996-08-11T00:00:00,ISR,Israel,BLR,True,2025-09-15T13:16:54.452,2026-06-30T00:00:00
E2025,008173,53270,"SPAGNOLO, MATTEO","SPAGNOLO, MATTEO",MATTEO,SPAGNOLO,BAS,Kosner Baskonia Vitoria-Gasteiz,1,Guard,10,193,90,2003-01-10T00:00:00,ITA,Italy,ITA,True,2025-09-16T06:52:27.628,2026-06-30T00:00:00
E2025,014009,53127,"STEVENS, LAMAR","STEVENS, LAMAR",LAMAR BRANDON,STEVENS,PRS,Paris Basketball,2,Forward,9,198,104,1997-07-09T00:00:00,USA,United States of America,USA,True,2025-09-15T12:23:26.421,2026-06-30T00:00:00
E2025,008099,53326,"STRAZEL, MATTHEW","STRAZEL, MATTHEW",MATTHEW,STRAZEL,MCO,AS Monaco,1,Guard,32,184,78,2002-08-05T00:00:00,FRA,France,FRA,True,2025-09-17T07:23:09.294,2026-06-30T00:00:00
E2025,014025,53266,"SWIDER, COLE","SWIDER, COLE",COLE ALEXANDER,SWIDER,IST,Anadolu Efes Istanbul,2,Forward,21,206,102,1999-05-08T00:00:00,USA,United States of America,USA,True,2025-09-16T06:35:19.938,2026-06-30T00:00:00
E2025,012515,53392,"TARPEY, TERRY","TARPEY, TERRY",TERENCE MICHAEL,TARPEY,MCO,AS Monaco,1,Guard,22,196,95,1994-03-02T00:00:00,USA,United States of America,FRA,True,2025-09-18T06:32:32.721,2026-06-30T00:00:00
E2025,005791,53110,"TAVARES, WALTER",Tavares,WALTER SAMUEL,TAVARES DA VEIGA,MAD,Real Madrid,3,Center,22,220,125,1992-03-22T00:00:00,CPV,Cabo Verde,CPV,True,2025-09-15T10:57:49.091,2026-06-30T00:00:00
E2025,014004,53085,"TAYLOR, BRANDON","TAYLOR, BRANDON",BRANDON CHARLES MALIK,TAYLOR,VIR,Virtus Bologna,1,Guard,11,178,80,1994-01-08T00:00:00,USA,United States of America,USA,False,2025-09-15T10:23:14.034,2026-01-13T13:50:49.653
E2025,011217,53524,"TAYLOR, KAMERON","TAYLOR, KAMERON",KAMERON,TAYLOR,PAM,Valencia Basket,2,Forward,1,198,95,1994-10-05T00:00:00,USA,United States of America,USA,True,2025-09-26T13:49:00.94,2026-06-30T00:00:00
E2025,004132,53418,"THEIS, DANIEL",Theis,DANIEL,THEIS,MCO,AS Monaco,3,Center,10,204,113,1992-04-04T00:00:00,GER,Germany,GER,True,2025-09-22T07:43:58.274,2026-06-30T00:00:00
E2025,011078,53495,"THOMPSON, DARIUS","THOMPSON, DARIUS",DARIUS JAMAR,THOMPSON,PAM,Valencia Basket,1,Guard,13,193,93,1995-05-04T00:00:00,ITA,Italy,USA,True,2025-09-25T09:43:40.595,2026-06-30T00:00:00
E2025,004846,53187,"TIMOR, BAR",Timor,BAR,TIMOR,HTA,Hapoel IBI Tel Aviv,1,Guard,10,191,90,1992-03-02T00:00:00,ISR,Israel,ISR,True,2025-09-15T13:49:05.769,2026-06-30T00:00:00
E2025,004292,53143,"TOLIOPOULOS, VASSILIS",Toliopoulos,VASILEIOS,TOLIOPOULOS,PAN,Panathinaikos AKTOR Athens,1,Guard,27,187,80,1996-06-15T00:00:00,GRE,Greece,GRE,True,2025-09-15T12:45:42.925,2026-06-30T00:00:00
E2025,006509,53450,"TONUT, STEFANO",Tonut,STEFANO,TONUT,MIL,EA7 Emporio Armani Milan,1,Guard,7,194,95,1993-11-07T00:00:00,ITA,Italy,ITA,True,2025-09-23T13:32:12.775,2026-06-30T00:00:00
E2025,006277,53604,"TOTE, LEONARDO","TOTE, LEONARDO",LEONARDO,TOTE,MIL,EA7 Emporio Armani Milan,3,Center,35,212,107,1997-07-08T00:00:00,ITA,Italy,ITA,False,2025-10-13T06:26:02.72,2026-01-26T11:27:23.055
E2025,010319,53180,"TRAORE, ARMEL","TRAORE, ARMEL",ARMEL BAKARI TIMOTHE SIMON,TRAORE,ASV,LDLC ASVEL Villeurbanne,3,Center,94,203,90,2003-01-23T00:00:00,FRA,France,FRA,True,2025-09-15T13:35:02.14,2026-06-30T00:00:00
E2025,007673,53158,"TRIFUNOVIC, UROS","TRIFUNOVIC, UROS",UROS,TRIFUNOVIC,TEL,Maccabi Rapyd Tel Aviv,1,Guard,6,200,99,2000-12-05T00:00:00,SRB,Serbia,SRB,False,2025-09-15T13:16:53.939,2025-11-12T06:56:34.284
E2025,008192,53469,"TUBELIS, AZUOLAS","TUBELIS, AZUOLAS",AZUOLAS,TUBELIS,ZAL,Zalgiris Kaunas,2,Forward,10,208,111,2002-03-22T00:00:00,LTU,Lithuania,LTU,True,2025-09-23T14:07:00.532,2026-06-30T00:00:00
E2025,002329,53080,"ULANOVAS, EDGARAS",Ulanovas,EDGARAS,ULANOVAS,ZAL,Zalgiris Kaunas,2,Forward,92,199,99,1992-01-07T00:00:00,LTU,Lithuania,LTU,True,2025-09-15T10:09:30.925,2026-06-30T00:00:00
E2025,014014,53179,"VAUTIER, BASTIEN","VAUTIER, BASTIEN",BASTIEN,VAUTIER,ASV,LDLC ASVEL Villeurbanne,3,Center,32,210,110,1998-11-15T00:00:00,FRA,France,FRA,True,2025-09-15T13:35:01.839,2026-06-30T00:00:00
E2025,000925,53566,"VESELY, JAN",Vesely,JAN,VESELY,BAR,FC Barcelona,3,Center,6,213,110,1990-04-24T00:00:00,CZE,Czech Republic,CZE,True,2025-09-29T15:04:02.137,2026-06-30T00:00:00
E2025,003469,53151,"VEZENKOV, SASHA",Vezenkov,ALEXANTER,VEZENKOV,OLY,Olympiacos Piraeus,2,Forward,14,206,102,1995-08-06T00:00:00,GRE,Greece,CYP,True,2025-09-15T12:55:45.152,2026-06-30T00:00:00
E2025,007947,53082,"VILDOZA, LUCA","VILDOZA, LUCA",LUCA,VILDOZA,VIR,Virtus Bologna,1,Guard,1,191,86,1995-08-11T00:00:00,ITA,Italy,ARG,True,2025-09-15T10:23:13.271,2026-06-30T00:00:00
E2025,010035,53393,"VILLAR, RAFA","VILLAR, RAFA",RAFAEL,VILLAR CORNAGO,BAS,Kosner Baskonia Vitoria-Gasteiz,1,Guard,4,191,86,2004-08-09T00:00:00,ESP,Spain,ESP,True,2025-09-18T06:43:55.628,2026-06-30T00:00:00
E2025,007201,53403,"VOIGTMANN, JOHANNES","VOIGTMANN, JOHANNES",JOHANNES,VOIGTMANN,MUN,FC Bayern Munich,3,Center,7,211,111,1992-09-30T00:00:00,GER,Germany,GER,True,2025-09-18T07:16:40.293,2026-06-30T00:00:00
E2025,013284,53456,"WAINRIGHT, ISH","WAINRIGHT, ISHMAIL CARZELL",ISHMAIL CARZELL,WAINRIIGHT,HTA,Hapoel IBI Tel Aviv,2,Forward,24,196,0,1994-09-12T00:00:00,USA,United States of America,USA,True,2025-09-23T13:41:39.533,2026-06-30T00:00:00
E2025,013403,53159,"WALKER IV, LONNIE","WALKER IV, LONNIE",LONNIE TERRANCE,WALKER IV,TEL,Maccabi Rapyd Tel Aviv,1,Guard,8,196,87,1998-12-14T00:00:00,USA,United States of America,USA,True,2025-09-15T13:16:54.21,2026-06-30T00:00:00
E2025,008855,53147,"WALKUP, THOMAS","WALKUP, THOMAS",THOMAS RYAN,WALKUP,OLY,Olympiacos Piraeus,1,Guard,0,193,92,1992-12-30T00:00:00,GRE,Greece,USA,True,2025-09-15T12:55:44.058,2026-06-30T00:00:00
E2025,012610,53149,"WARD, TYSON","WARD, TYSON",TYSON,WARD,OLY,Olympiacos Piraeus,2,Forward,3,198,86,1997-07-26T00:00:00,USA,United States of America,USA,True,2025-09-15T12:55:44.539,2026-06-30T00:00:00
E2025,013370,53116,"WASHINGTON, DUANE","WASHINGTON, DUANE",DUANE EDDY,WASHINGTON,PAR,Partizan Mozzart Bet Belgrade,1,Guard,4,191,89,2000-03-24T00:00:00,USA,United States of America,GER,True,2025-09-15T12:07:44.308,2026-06-30T00:00:00
E2025,014013,53178,"WATSON, GLYNN","WATSON, GLYNN",GLYNN JUWAN,WATSON,ASV,LDLC ASVEL Villeurbanne,1,Guard,30,183,82,1997-03-09T00:00:00,USA,United States of America,USA,True,2025-09-15T13:35:01.474,2026-06-30T00:00:00
E2025,010391,53260,"WEILER-BABB, NICK","WEILER-BABB, NICK",NICHOLAS ALAN,WEILER-BABB,IST,Anadolu Efes Istanbul,1,Guard,8,194,96,1995-12-12T00:00:00,GER,Germany,USA,True,2025-09-16T06:35:18.564,2026-06-30T00:00:00
E2025,006661,53196,"WILBEKIN, SCOTTIE",Wilbekin,SCOTT JORDAN,WILBEKIN,ULK,Fenerbahce Beko Istanbul,1,Guard,3,188,80,1993-04-05T00:00:00,USA,United States of America,USA,False,2025-09-15T14:14:35.286,2026-03-23T10:33:59.04
E2025,007982,53071,"WILLIAMS-GOSS, NIGEL","WILLIAMS-GOSS, NIGEL",NIGEL COLE,WILLIAMS-GOSS,ZAL,Zalgiris Kaunas,1,Guard,1,191,88,1994-09-16T00:00:00,USA,United States of America,USA,True,2025-09-15T10:09:28.401,2026-06-30T00:00:00
E2025,009664,53132,"WILLIS, DEREK","WILLIS, DEREK",DEREK XAVIER,WILLIS,PRS,Paris Basketball,2,Forward,35,205,104,1995-06-21T00:00:00,USA,United States of America,USA,True,2025-09-15T12:23:27.775,2026-06-30T00:00:00
E2025,012606,53295,"WRIGHT IV, MCKINLEY","WRIGHT IV, MCKINLEY",MCKINLEY,WRIGHT IV,DUB,Dubai Basketball,1,Guard,25,180,87,1998-10-25T00:00:00,USA,United States of America,USA,True,2025-09-16T08:10:48.082,2026-06-30T00:00:00
E2025,012878,53072,"WRIGHT, MOSES","WRIGHT, MOSES ANTHONY",MOSES ANTHONY,WRIGHT,ZAL,Zalgiris Kaunas,3,Center,7,207,106,1998-12-23T00:00:00,USA,United States of America,USA,True,2025-09-15T10:09:28.68,2026-06-30T00:00:00
E2025,006372,53411,"YILMAZ, ERKAN",Yilmaz,ERKAN,YILMAZ,IST,Anadolu Efes Istanbul,2,Forward,33,197,100,1997-12-03T00:00:00,TUR,Turkiye,TUR,True,2025-09-18T09:21:07.624,2026-06-30T00:00:00
E2025,005353,53460,"YURTSEVEN, OMER",Yurtseven,OMER FARUK,YURTSEVEN,PAN,Panathinaikos AKTOR Athens,3,Center,77,213,125,1998-06-19T00:00:00,TUR,Turkiye,TUR,False,2025-09-23T13:50:23.177,2026-03-04T11:02:02.729
E2025,008104,53488,"ZAGARS, ARTURS","ZAGARS, ARTURS MARTINS",ARTURS MARTINS,ZAGARS,ULK,Fenerbahce Beko Istanbul,1,Guard,32,190,80,2000-04-21T00:00:00,LAT,Latvia,LAT,True,2025-09-25T09:24:31.356,2026-06-30T00:00:00
