season_code,game_code,event_number,team_id,player_id,player_name,action_id,action,points,coordinate_x,coordinate_y,zone,fast_break,second_chance,points_off_turnover,elapsed_minute,game_clock,home_score,away_score,utc_timestamp_raw
E2025,1,4,IST,P014102,"JONES, KAI",2FGM,Two Pointer,2,-12,-6,A,0,0,0,1,09:39,2,0,20250930174549
E2025,1,8,IST,P007200,"LARKIN, SHANE",3FGA,Missed Three Pointer,0,414,602,I,0,0,0,1,09:11,2,0,20250930174617
E2025,1,11,IST,P012710,"OSMANI, ERCAN",2FGM,Two Pointer,2,-307,0,D,0,1,1,2,08:57,4,0,20250930174631
E2025,1,12,TEL,P011219,"SORKIN, ROMAN",2FGM,Two Pointer,2,-81,125,B,0,0,0,2,08:42,4,2,20250930174647
E2025,1,16,TEL,P011219,"SORKIN, ROMAN",FTM,Free Throw In,1,-1,-1, ,0,0,0,2,08:42,4,3,20250930174714
E2025,1,17,IST,P010391,"WEILER-BABB, NICK",3FGM,Three Pointer,3,125,759,I,0,0,0,2,08:19,7,3,20250930174738
E2025,1,20,TEL,P014127,"BRISSETT, O'SHAE J",2FGM,Two Pointer,2,0,351,D,0,0,0,2,08:05,7,5,20250930174808
E2025,1,22,IST,P009549,"CORDINIER, ISAIA",2FGM,Two Pointer,2,31,94,C,0,0,0,3,07:48,9,5,20250930174825
E2025,1,23,TEL,P013699,"CLARK III, JIMMY",2FGA,Missed Two Pointer,0,-382,319,F,0,0,0,3,07:37,9,5,20250930174836
E2025,1,25,TEL,P006835,"HOARD, JAYLEN",2FGM,Two Pointer,2,-119,87,B,0,1,0,3,07:33,9,7,20250930174840
E2025,1,26,IST,P010391,"WEILER-BABB, NICK",3FGA,Missed Three Pointer,0,-514,577,H,0,0,0,3,07:13,9,7,20250930174900
E2025,1,30,TEL,P006835,"HOARD, JAYLEN",2FGA,Missed Two Pointer,0,-112,50,B,0,0,0,3,07:01,9,7,20250930174929
E2025,1,33,IST,P014102,"JONES, KAI",2FGM,Two Pointer,2,-12,12,A,0,0,0,4,06:46,11,7,20250930174944
E2025,1,35,TEL,P006835,"HOARD, JAYLEN",2FGM,Two Pointer,2,-81,495,F,0,0,0,4,06:27,11,9,20250930175009
E2025,1,37,IST,P009549,"CORDINIER, ISAIA",3FGA,Missed Three Pointer,0,-476,646,H,0,0,0,4,06:07,11,9,20250930175029
E2025,1,41,IST,P009549,"CORDINIER, ISAIA",2FGM,Two Pointer,2,43,62,C,0,1,0,4,06:01,13,9,20250930175109
E2025,1,45,IST,P009549,"CORDINIER, ISAIA",FTM,Free Throw In,1,-1,-1, ,0,1,0,5,05:53,14,9,20250930175137
E2025,1,46,TEL,P011193,"BLATT, TAMIR",3FGA,Missed Three Pointer,0,470,696,I,0,0,0,5,05:53,14,9,20250930175149
E2025,1,48,IST,P012710,"OSMANI, ERCAN",3FGA,Missed Three Pointer,0,608,414,I,0,0,0,5,05:53,14,9,20250930175204
E2025,1,50,IST,P012710,"OSMANI, ERCAN",2FGM,Two Pointer,2,388,50,E,0,1,0,5,05:53,16,9,20250930175223
E2025,1,51,TEL,P014127,"BRISSETT, O'SHAE J",2FGM,Two Pointer,2,326,351,G,0,0,0,5,05:53,16,11,20250930175239
E2025,1,58,TEL,P011219,"SORKIN, ROMAN",FTM,Free Throw In,1,-1,-1, ,0,0,1,6,04:17,16,12,20250930175521
E2025,1,59,TEL,P011219,"SORKIN, ROMAN",FTM,Free Throw In,1,-1,-1, ,0,0,1,6,04:17,16,13,20250930175534
E2025,1,64,TEL,P014127,"BRISSETT, O'SHAE J",2FGA,Missed Two Pointer,0,432,225,G,0,0,0,7,03:50,16,13,20250930175624
E2025,1,66,TEL,P011219,"SORKIN, ROMAN",3FGA,Missed Three Pointer,0,50,759,I,0,0,0,7,03:42,16,13,20250930175641
E2025,1,68,TEL,P011193,"BLATT, TAMIR",2FGA,Missed Two Pointer,0,-432,156,F,0,0,0,7,03:29,16,13,20250930175655
E2025,1,70,TEL,P011219,"SORKIN, ROMAN",2FGM,Two Pointer,2,-87,31,B,0,1,1,7,03:18,16,15,20250930175709
E2025,1,77,IST,P005844,"PAPAGIANNIS, GEORGIOS",2FGM,Two Pointer,2,-125,81,B,0,0,0,8,02:52,18,15,20250930175755
E2025,1,85,TEL,P011219,"SORKIN, ROMAN",FTM,Free Throw In,1,-1,-1, ,0,0,0,8,02:51,18,16,20250930175837
E2025,1,86,TEL,P011219,"SORKIN, ROMAN",FTM,Free Throw In,1,-1,-1, ,0,0,0,8,02:51,18,17,20250930175855
E2025,1,91,IST,P005844,"PAPAGIANNIS, GEORGIOS",3FGA,Missed Three Pointer,0,-319,759,H,0,0,0,8,02:32,18,17,20250930175943
E2025,1,97,IST,P009549,"CORDINIER, ISAIA",2FGA,Missed Two Pointer,0,-483,169,F,0,0,0,9,01:59,18,17,20250930180046
E2025,1,101,IST,P012710,"OSMANI, ERCAN",2FGM,Two Pointer,2,150,43,C,0,1,1,9,01:59,20,17,20250930180110
E2025,1,102,TEL,P013403,"WALKER IV, LONNIE",3FGA,Missed Three Pointer,0,627,495,I,0,0,0,9,01:59,20,17,20250930180122
E2025,1,111,IST,P012710,"OSMANI, ERCAN",FTM,Free Throw In,1,-1,-1, ,0,0,0,9,01:30,21,17,20250930180247
E2025,1,112,TEL,P013289,"SANTOS, MARCIO",3FGA,Missed Three Pointer,0,319,790,I,0,0,0,9,01:12,21,17,20250930180305
E2025,1,114,TEL,P013403,"WALKER IV, LONNIE",3FGA,Missed Three Pointer,0,288,752,I,0,0,0,9,01:08,21,17,20250930180309
E2025,1,117,TEL,P014123,"DOWTIN JR, JEFFREY",3FGA,Missed Three Pointer,0,426,683,I,0,0,0,10,00:55,21,17,20250930180322
E2025,1,119,IST,P012710,"OSMANI, ERCAN",3FGA,Missed Three Pointer,0,-470,671,H,0,0,0,10,00:29,21,17,20250930180348
E2025,1,128,TEL,P014123,"DOWTIN JR, JEFFREY",2FGM,Two Pointer,2,-12,457,F,0,0,1,10,01:00,21,19,20250930180453
E2025,1,138,TEL,P014012,"LEAF, TJ",2FGM,Two Pointer,2,0,56,B,0,0,0,11,09:59,21,21,20250930180727
E2025,1,142,TEL,P014012,"LEAF, TJ",FTM,Free Throw In,1,-1,-1, ,0,0,0,11,09:51,21,22,20250930180752
E2025,1,145,TEL,P007990,"DIBARTOLOMEO, JOHN",2FGM,Two Pointer,2,50,457,G,0,0,1,11,09:27,21,24,20250930180817
E2025,1,147,IST,P011201,"HAZER, SEHMUS",3FGA,Missed Three Pointer,0,-614,464,H,0,0,0,11,09:12,21,24,20250930180831
E2025,1,149,IST,P009754,"LOYD, JORDAN",3FGA,Missed Three Pointer,0,-432,771,H,0,0,0,11,09:07,21,24,20250930180836
E2025,1,153,TEL,P013289,"SANTOS, MARCIO",2FGA,Missed Two Pointer,0,37,294,E,0,0,0,11,09:05,21,24,20250930180911
E2025,1,155,TEL,P013289,"SANTOS, MARCIO",2FGM,Two Pointer,2,12,31,A,0,1,0,11,09:05,21,26,20250930180926
E2025,1,164,TEL,P013403,"WALKER IV, LONNIE",3FGA,Missed Three Pointer,0,-501,589,H,0,0,0,12,08:14,21,26,20250930181137
E2025,1,173,IST,P007200,"LARKIN, SHANE",3FGA,Missed Three Pointer,0,-388,777,H,0,0,0,13,07:55,21,26,20250930181240
E2025,1,175,IST,P011201,"HAZER, SEHMUS",2FGA,Missed Two Pointer,0,-87,238,D,0,0,0,13,07:50,21,26,20250930181246
E2025,1,177,IST,P005844,"PAPAGIANNIS, GEORGIOS",2FGA,Missed Two Pointer,0,-25,238,D,0,0,0,13,07:48,21,26,20250930181250
E2025,1,183,IST,P007200,"LARKIN, SHANE",2FGM,Two Pointer,2,75,25,C,0,1,0,13,07:41,23,26,20250930181339
E2025,1,184,TEL,P014127,"BRISSETT, O'SHAE J",2FGA,Missed Two Pointer,0,-401,50,D,0,0,0,13,07:21,23,26,20250930181359
E2025,1,191,TEL,P007990,"DIBARTOLOMEO, JOHN",3FGA,Missed Three Pointer,0,257,765,I,0,0,0,13,08:00,23,26,20250930181445
E2025,1,198,IST,P007109,"SMITS, ROLANDS",3FGA,Missed Three Pointer,0,464,721,I,0,0,0,14,06:38,23,26,20250930181535
E2025,1,204,TEL,P013699,"CLARK III, JIMMY",2FGM,Two Pointer,2,-131,18,B,0,0,0,14,06:15,23,28,20250930181630
E2025,1,207,TEL,P013699,"CLARK III, JIMMY",FTM,Free Throw In,1,-1,-1, ,0,0,0,14,06:15,23,29,20250930181654
E2025,1,209,IST,P007200,"LARKIN, SHANE",2FGA,Missed Two Pointer,0,288,194,E,0,0,0,15,05:55,23,29,20250930181716
E2025,1,211,TEL,P013699,"CLARK III, JIMMY",2FGA,Missed Two Pointer,0,-194,25,B,0,0,0,15,05:46,23,29,20250930181725
E2025,1,212,TEL,P013699,"CLARK III, JIMMY",2FGA,Missed Two Pointer,0,-294,125,D,0,0,0,15,05:40,23,29,20250930181730
E2025,1,216,IST,P007109,"SMITS, ROLANDS",2FGA,Missed Two Pointer,0,244,188,E,0,0,0,15,05:30,23,29,20250930181740
E2025,1,218,IST,P009549,"CORDINIER, ISAIA",2FGA,Missed Two Pointer,0,106,207,C,0,0,0,15,05:25,23,29,20250930181746
E2025,1,221,TEL,P013699,"CLARK III, JIMMY",2FGM,Two Pointer,2,-163,69,B,0,0,0,15,05:02,23,31,20250930181812
E2025,1,232,IST,P014102,"JONES, KAI",FTM,Free Throw In,1,-1,-1, ,0,0,0,16,04:52,24,31,20250930181915
E2025,1,234,IST,P014102,"JONES, KAI",FTM,Free Throw In,1,-1,-1, ,0,0,0,16,04:52,25,31,20250930181925
E2025,1,235,IST,P007200,"LARKIN, SHANE",2FGM,Two Pointer,2,244,37,C,0,0,0,16,04:37,27,31,20250930181953
E2025,1,236,TEL,P006835,"HOARD, JAYLEN",3FGM,Three Pointer,3,-439,633,H,0,0,0,16,04:21,27,34,20250930182009
E2025,1,239,IST,P012710,"OSMANI, ERCAN",2FGA,Missed Two Pointer,0,-489,125,F,0,0,0,17,03:54,27,34,20250930182036
E2025,1,241,TEL,P013699,"CLARK III, JIMMY",3FGA,Missed Three Pointer,0,-514,570,H,0,0,0,17,03:42,27,34,20250930182048
E2025,1,245,IST,P012710,"OSMANI, ERCAN",2FGA,Missed Two Pointer,0,-144,288,D,0,0,0,17,03:15,27,34,20250930182142
E2025,1,251,IST,P007200,"LARKIN, SHANE",2FGM,Two Pointer,2,-338,313,F,0,0,1,18,02:56,29,34,20250930182220
E2025,1,258,IST,P007200,"LARKIN, SHANE",FTM,Free Throw In,1,-1,-1, ,0,0,1,18,02:56,30,34,20250930182257
E2025,1,259,TEL,P011193,"BLATT, TAMIR",3FGA,Missed Three Pointer,0,533,702,I,0,0,0,18,02:43,30,34,20250930182316
E2025,1,261,TEL,P014123,"DOWTIN JR, JEFFREY",2FGM,Two Pointer,2,50,489,G,0,1,0,18,02:33,30,36,20250930182326
E2025,1,264,IST,P012710,"OSMANI, ERCAN",FTM,Free Throw In,1,-1,-1, ,0,0,0,18,02:13,31,36,20250930182415
E2025,1,265,IST,P012710,"OSMANI, ERCAN",FTM,Free Throw In,1,-1,-1, ,0,0,0,18,02:13,32,36,20250930182429
E2025,1,267,TEL,P006835,"HOARD, JAYLEN",3FGM,Three Pointer,3,-583,451,H,0,0,0,19,01:58,32,39,20250930182453
E2025,1,269,IST,P007200,"LARKIN, SHANE",2FGA,Missed Two Pointer,0,56,87,C,0,0,0,19,01:50,32,39,20250930182500
E2025,1,272,TEL,P007673,"TRIFUNOVIC, UROS",3FGA,Missed Three Pointer,0,-520,602,H,0,0,0,19,01:39,32,39,20250930182554
E2025,1,274,IST,P009754,"LOYD, JORDAN",2FGM,Two Pointer,2,-6,489,F,0,0,0,19,01:29,34,39,20250930182604
E2025,1,279,IST,P009754,"LOYD, JORDAN",3FGA,Missed Three Pointer,0,508,746,I,0,0,0,19,01:28,34,39,20250930182819
E2025,1,281,IST,P007109,"SMITS, ROLANDS",2FGM,Two Pointer,2,69,56,C,0,1,1,19,01:28,36,39,20250930182823
E2025,1,282,TEL,P014123,"DOWTIN JR, JEFFREY",3FGM,Three Pointer,3,-583,514,H,0,0,0,19,01:28,36,42,20250930182842
E2025,1,285,IST,P009754,"LOYD, JORDAN",2FGM,Two Pointer,2,25,282,E,0,0,0,20,00:44,38,42,20250930182859
E2025,1,286,TEL,P007673,"TRIFUNOVIC, UROS",2FGM,Two Pointer,2,-175,43,B,0,0,0,20,00:19,38,44,20250930182924
E2025,1,288,IST,P007200,"LARKIN, SHANE",2FGM,Two Pointer,2,-138,225,D,0,0,0,20,01:00,40,44,20250930182943
E2025,1,306,TEL,P006835,"HOARD, JAYLEN",FTM,Free Throw In,1,-1,-1, ,0,0,1,21,09:37,40,45,20250930184544
E2025,1,312,TEL,P011219,"SORKIN, ROMAN",2FGA,Missed Two Pointer,0,-112,87,B,0,0,0,21,09:37,40,45,20250930184630
E2025,1,315,IST,P010391,"WEILER-BABB, NICK",3FGM,Three Pointer,3,-545,627,H,0,0,0,22,08:58,43,45,20250930184653
E2025,1,317,TEL,P013699,"CLARK III, JIMMY",2FGA,Missed Two Pointer,0,-56,301,D,0,0,0,22,08:43,43,45,20250930184708
E2025,1,319,IST,P007200,"LARKIN, SHANE",2FGM,Two Pointer,2,69,75,C,0,0,0,22,08:39,45,45,20250930184714
E2025,1,321,TEL,P011219,"SORKIN, ROMAN",2FGM,Two Pointer,2,18,263,E,0,0,0,22,08:19,45,47,20250930184740
E2025,1,324,IST,P009549,"CORDINIER, ISAIA",3FGA,Missed Three Pointer,0,363,715,I,0,0,0,23,07:57,45,47,20250930184803
E2025,1,326,TEL,P011193,"BLATT, TAMIR",3FGM,Three Pointer,3,-12,765,H,0,0,0,23,07:48,45,50,20250930184816
E2025,1,330,TEL,P013699,"CLARK III, JIMMY",2FGA,Missed Two Pointer,0,-18,50,B,0,0,0,23,07:22,45,50,20250930184842
E2025,1,334,IST,P009549,"CORDINIER, ISAIA",2FGM,Two Pointer,2,-432,131,F,0,0,0,23,07:05,47,50,20250930184926
E2025,1,337,TEL,P006835,"HOARD, JAYLEN",3FGA,Missed Three Pointer,0,489,677,I,0,0,0,24,06:49,47,50,20250930184943
E2025,1,339,TEL,P013699,"CLARK III, JIMMY",2FGA,Missed Two Pointer,0,-351,175,D,0,0,0,24,06:44,47,50,20250930184948
E2025,1,341,TEL,P011193,"BLATT, TAMIR",2FGA,Missed Two Pointer,0,-376,263,F,0,0,0,24,06:28,47,50,20250930185003
E2025,1,343,IST,P009549,"CORDINIER, ISAIA",2FGA,Missed Two Pointer,0,-81,219,D,0,0,0,24,06:10,47,50,20250930185022
E2025,1,350,TEL,P013381,"RAYMAN, WILLIAM",3FGA,Missed Three Pointer,0,564,539,I,0,0,0,25,05:52,47,50,20250930185117
E2025,1,352,IST,P012710,"OSMANI, ERCAN",2FGM,Two Pointer,2,12,94,C,0,0,0,25,05:34,49,50,20250930185138
E2025,1,361,IST,P012710,"OSMANI, ERCAN",FTM,Free Throw In,1,-1,-1, ,0,0,0,25,05:34,50,50,20250930185222
E2025,1,362,TEL,P006835,"HOARD, JAYLEN",2FGM,Two Pointer,2,6,37,C,0,0,0,25,05:16,50,52,20250930185239
E2025,1,366,TEL,P011219,"SORKIN, ROMAN",3FGA,Missed Three Pointer,0,401,777,I,0,0,0,26,04:49,50,52,20250930185316
E2025,1,374,IST,P007200,"LARKIN, SHANE",FTM,Free Throw In,1,-1,-1, ,0,0,0,26,04:41,51,52,20250930185605
E2025,1,375,IST,P007200,"LARKIN, SHANE",FTM,Free Throw In,1,-1,-1, ,0,0,0,26,04:41,52,52,20250930185620
E2025,1,378,IST,P007109,"SMITS, ROLANDS",2FGM,Two Pointer,2,18,150,C,0,0,1,26,04:21,54,52,20250930185645
E2025,1,383,TEL,P014127,"BRISSETT, O'SHAE J",2FGM,Two Pointer,2,-81,37,B,0,0,0,27,03:57,54,54,20250930185734
E2025,1,388,TEL,P014127,"BRISSETT, O'SHAE J",2FGA,Missed Two Pointer,0,-31,0,A,0,0,0,27,03:57,54,54,20250930185808
E2025,1,393,IST,P007109,"SMITS, ROLANDS",2FGA,Missed Two Pointer,0,-18,244,D,0,0,0,27,03:11,54,54,20250930185906
E2025,1,396,TEL,P013403,"WALKER IV, LONNIE",3FGM,Three Pointer,3,595,508,I,0,0,0,28,02:59,54,57,20250930185918
E2025,1,398,IST,P007200,"LARKIN, SHANE",3FGA,Missed Three Pointer,0,-282,740,H,0,0,0,28,02:47,54,57,20250930185929
E2025,1,409,IST,P007200,"LARKIN, SHANE",3FGA,Missed Three Pointer,0,150,790,I,0,0,0,28,02:30,54,57,20250930190031
E2025,1,413,TEL,P013289,"SANTOS, MARCIO",FTM,Free Throw In,1,-1,-1, ,0,0,0,28,02:09,54,58,20250930190128
E2025,1,417,TEL,P013289,"SANTOS, MARCIO",FTM,Free Throw In,1,-1,-1, ,0,0,0,28,02:09,54,59,20250930190144
E2025,1,419,IST,P009754,"LOYD, JORDAN",3FGM,Three Pointer,3,-414,715,H,0,0,0,29,01:48,57,59,20250930190208
E2025,1,421,TEL,P013403,"WALKER IV, LONNIE",3FGA,Missed Three Pointer,0,156,828,I,0,0,0,29,01:37,57,59,20250930190219
E2025,1,423,IST,P009754,"LOYD, JORDAN",3FGA,Missed Three Pointer,0,-156,815,H,0,0,0,29,01:24,57,59,20250930190233
E2025,1,425,TEL,P014123,"DOWTIN JR, JEFFREY",3FGA,Missed Three Pointer,0,-476,639,H,0,0,0,29,01:17,57,59,20250930190239
E2025,1,432,IST,P009754,"LOYD, JORDAN",3FGM,Three Pointer,3,-357,840,H,0,0,1,30,00:28,60,59,20250930190406
E2025,1,435,IST,P009549,"CORDINIER, ISAIA",2FGA,Missed Two Pointer,0,100,37,C,0,0,0,30,01:00,60,59,20250930190448
E2025,1,448,IST,P007109,"SMITS, ROLANDS",3FGM,Three Pointer,3,-432,721,H,0,0,0,31,09:40,63,59,20250930190725
E2025,1,450,TEL,P014127,"BRISSETT, O'SHAE J",3FGM,Three Pointer,3,577,552,I,0,0,0,31,09:22,63,62,20250930190743
E2025,1,452,IST,P011201,"HAZER, SEHMUS",3FGA,Missed Three Pointer,0,526,495,I,0,0,0,31,09:02,63,62,20250930190803
E2025,1,459,TEL,P014127,"BRISSETT, O'SHAE J",3FGA,Missed Three Pointer,0,520,639,I,0,0,0,32,08:50,63,62,20250930190815
E2025,1,465,IST,P009754,"LOYD, JORDAN",3FGM,Three Pointer,3,-501,777,H,0,0,0,32,08:33,66,62,20250930190903
E2025,1,473,TEL,P014123,"DOWTIN JR, JEFFREY",FTM,Free Throw In,1,-1,-1, ,0,0,0,32,08:24,66,63,20250930191100
E2025,1,474,TEL,P011219,"SORKIN, ROMAN",2FGM,Two Pointer,2,-6,181,B,0,0,0,32,08:11,66,65,20250930191123
E2025,1,476,IST,P007109,"SMITS, ROLANDS",2FGM,Two Pointer,2,50,81,C,0,0,0,33,07:53,68,65,20250930191141
E2025,1,479,IST,P007200,"LARKIN, SHANE",FTM,Free Throw In,1,-1,-1, ,0,0,0,33,07:54,69,65,20250930191203
E2025,1,482,TEL,P011219,"SORKIN, ROMAN",2FGM,Two Pointer,2,-181,69,B,0,0,0,33,07:32,69,67,20250930191241
E2025,1,483,IST,P010391,"WEILER-BABB, NICK",3FGM,Three Pointer,3,-539,577,H,0,0,0,33,07:03,72,67,20250930191309
E2025,1,489,TEL,P013699,"CLARK III, JIMMY",3FGA,Missed Three Pointer,0,457,734,I,0,0,0,34,06:38,72,67,20250930191359
E2025,1,491,IST,P010391,"WEILER-BABB, NICK",2FGM,Two Pointer,2,0,150,B,0,0,0,34,06:28,74,67,20250930191412
E2025,1,498,IST,P010391,"WEILER-BABB, NICK",FTM,Free Throw In,1,-1,-1, ,0,0,0,34,06:28,75,67,20250930191453
E2025,1,499,TEL,P013699,"CLARK III, JIMMY",2FGM,Two Pointer,2,-200,50,B,0,0,0,34,06:13,75,69,20250930191506
E2025,1,512,IST,P009754,"LOYD, JORDAN",3FGA,Missed Three Pointer,0,-332,777,H,0,0,0,35,05:47,75,69,20250930191852
E2025,1,514,IST,P012710,"OSMANI, ERCAN",2FGA,Missed Two Pointer,0,43,225,E,0,0,0,35,05:43,75,69,20250930191855
E2025,1,516,TEL,P011193,"BLATT, TAMIR",3FGM,Three Pointer,3,188,865,I,0,0,0,35,05:36,75,72,20250930191903
E2025,1,517,IST,P012710,"OSMANI, ERCAN",3FGA,Missed Three Pointer,0,-526,545,H,0,0,0,35,05:15,75,72,20250930191924
E2025,1,519,TEL,P013289,"SANTOS, MARCIO",2FGM,Two Pointer,2,432,112,E,0,0,0,35,06:00,75,74,20250930191939
E2025,1,522,IST,P007200,"LARKIN, SHANE",2FGA,Missed Two Pointer,0,-451,119,F,0,0,0,36,04:38,75,74,20250930192001
E2025,1,530,TEL,P006835,"HOARD, JAYLEN",FTM,Free Throw In,1,-1,-1, ,1,0,0,36,04:33,75,75,20250930192042
E2025,1,532,TEL,P006835,"HOARD, JAYLEN",FTM,Free Throw In,1,-1,-1, ,0,0,0,36,04:33,75,76,20250930192056
E2025,1,533,IST,P007109,"SMITS, ROLANDS",3FGM,Three Pointer,3,-570,614,H,0,0,0,36,04:09,78,76,20250930192122
E2025,1,536,TEL,P006835,"HOARD, JAYLEN",2FGA,Missed Two Pointer,0,451,188,G,0,0,0,37,03:52,78,76,20250930192139
E2025,1,542,IST,P007109,"SMITS, ROLANDS",2FGM,Two Pointer,2,-6,31,A,0,0,0,37,03:38,80,76,20250930192223
E2025,1,545,TEL,P011219,"SORKIN, ROMAN",2FGA,Missed Two Pointer,0,-338,50,D,0,0,0,37,03:18,80,76,20250930192428
E2025,1,553,TEL,P013403,"WALKER IV, LONNIE",3FGA,Missed Three Pointer,0,558,564,I,0,0,0,38,02:40,80,76,20250930192547
E2025,1,566,IST,P007109,"SMITS, ROLANDS",2FGM,Two Pointer,2,-6,6,A,0,0,1,38,02:23,82,76,20250930192953
E2025,1,573,IST,P009754,"LOYD, JORDAN",3FGM,Three Pointer,3,-269,821,H,0,0,1,39,01:44,85,76,20250930193232
E2025,1,577,TEL,P007990,"DIBARTOLOMEO, JOHN",FTM,Free Throw In,1,-1,-1, ,0,0,0,39,01:45,85,77,20250930193327
E2025,1,578,TEL,P007990,"DIBARTOLOMEO, JOHN",FTM,Free Throw In,1,-1,-1, ,0,0,0,39,01:45,85,78,20250930193335
E2025,1,579,IST,P009549,"CORDINIER, ISAIA",3FGA,Missed Three Pointer,0,-363,765,H,0,0,0,39,02:00,85,78,20250930193402
E2025,1,582,TEL,P006835,"HOARD, JAYLEN",2FGA,Missed Two Pointer,0,-12,276,D,0,0,0,40,00:50,85,78,20250930193413
E2025,1,584,IST,P009549,"CORDINIER, ISAIA",3FGA,Missed Three Pointer,0,-489,708,H,0,0,0,40,00:25,85,78,20250930193437
E2025,1,586,TEL,P014127,"BRISSETT, O'SHAE J",3FGA,Missed Three Pointer,0,483,671,I,0,0,0,40,00:14,85,78,20250930193449
E2025,11,6,RED,P009048,"MILLER-MCINTYRE, CODI",2FGA,Missed Two Pointer,0,138,514,G,0,0,0,1,09:36,0,0,20251002183155
E2025,11,8,MUN,P013378,"RATHAN-MAYES, XAVIER",2FGA,Missed Two Pointer,0,-150,112,B,0,0,0,1,09:22,0,0,20251002183210
E2025,11,12,MUN,P001288,"LUCIC, VLADIMIR",2FGA,Missed Two Pointer,0,-207,238,D,0,0,0,2,08:54,0,0,20251002183245
E2025,11,14,RED,P013363,"NWORA, JORDAN",2FGM,Two Pointer,2,-94,50,B,0,0,0,2,08:35,0,2,20251002183322
E2025,11,18,RED,P013363,"NWORA, JORDAN",FTM,Free Throw In,1,-1,-1, ,0,0,0,2,08:35,0,3,20251002183352
E2025,11,19,MUN,P013378,"RATHAN-MAYES, XAVIER",3FGA,Missed Three Pointer,0,-514,853,H,0,0,0,2,08:12,0,3,20251002183418
E2025,11,22,RED,P013363,"NWORA, JORDAN",2FGM,Two Pointer,2,163,75,C,0,0,0,3,07:50,0,5,20251002183450
E2025,11,26,RED,P013363,"NWORA, JORDAN",FTM,Free Throw In,1,-1,-1, ,0,0,0,3,07:50,0,6,20251002183519
E2025,11,27,MUN,P001288,"LUCIC, VLADIMIR",3FGM,Three Pointer,3,357,621,I,0,0,0,3,07:30,3,6,20251002183539
E2025,11,30,RED,P013363,"NWORA, JORDAN",3FGM,Three Pointer,3,-351,627,H,0,0,0,3,07:11,3,9,20251002183620
E2025,11,32,MUN,P013378,"RATHAN-MAYES, XAVIER",2FGA,Missed Two Pointer,0,-169,43,B,0,0,0,4,06:49,3,9,20251002183644
E2025,11,36,MUN,P001288,"LUCIC, VLADIMIR",2FGM,Two Pointer,2,363,75,E,0,1,0,4,06:45,5,9,20251002183708
E2025,11,41,MUN,P004863,"JOVIC, STEFAN",2FGM,Two Pointer,2,87,87,C,0,0,1,4,06:21,7,9,20251002183748
E2025,11,46,RED,P012201,"MONEKE, CHIMA",FTM,Free Throw In,1,-1,-1, ,1,0,0,4,06:15,7,10,20251002183835
E2025,11,47,RED,P012201,"MONEKE, CHIMA",FTM,Free Throw In,1,-1,-1, ,1,0,0,4,06:15,7,11,20251002183851
E2025,11,53,MUN,P011836,"MIKE, ISIAHA",3FGA,Missed Three Pointer,0,633,307,I,0,0,0,5,05:54,7,11,20251002183944
E2025,11,61,RED,P012201,"MONEKE, CHIMA",FTM,Free Throw In,1,-1,-1, ,1,0,0,5,05:50,7,12,20251002184036
E2025,11,63,RED,P012201,"MONEKE, CHIMA",FTM,Free Throw In,1,-1,-1, ,1,0,0,5,05:50,7,13,20251002184052
E2025,11,65,RED,P013363,"NWORA, JORDAN",3FGA,Missed Three Pointer,0,-583,420,H,0,0,0,5,05:14,7,13,20251002184145
E2025,11,67,RED,P009048,"MILLER-MCINTYRE, CODI",2FGA,Missed Two Pointer,0,-12,194,B,0,0,0,5,05:05,7,13,20251002184154
E2025,11,69,RED,P014029,"IZUNDU, EBUKA",2FGM,Two Pointer,2,-25,87,B,0,1,1,5,05:02,7,15,20251002184157
E2025,11,71,MUN,P013383,"GABRIEL, WENYEN",2FGM,Two Pointer,2,-6,25,A,0,0,0,6,04:55,9,15,20251002184205
E2025,11,79,RED,P012201,"MONEKE, CHIMA",3FGM,Three Pointer,3,0,702,H,0,0,0,6,04:27,9,18,20251002184433
E2025,11,80,MUN,P004508,"OBST, ANDREAS",3FGM,Three Pointer,3,232,652,I,0,0,0,6,04:10,12,18,20251002184450
E2025,11,82,RED,P012201,"MONEKE, CHIMA",2FGA,Missed Two Pointer,0,163,50,C,0,0,0,6,04:02,12,18,20251002184458
E2025,11,88,MUN,P004508,"OBST, ANDREAS",3FGM,Three Pointer,3,-401,646,H,0,0,1,7,03:45,15,18,20251002184534
E2025,11,90,RED,P009048,"MILLER-MCINTYRE, CODI",3FGA,Missed Three Pointer,0,558,608,I,0,0,0,7,03:19,15,18,20251002184601
E2025,11,94,MUN,P001557,"GIFFEY, NIELS",2FGM,Two Pointer,2,-219,37,B,0,0,0,7,03:07,17,18,20251002184638
E2025,11,99,RED,P013363,"NWORA, JORDAN",FTM,Free Throw In,1,-1,-1, ,0,0,0,8,02:50,17,19,20251002184730
E2025,11,102,MUN,P001557,"GIFFEY, NIELS",3FGM,Three Pointer,3,232,677,I,0,0,0,8,02:38,20,19,20251002184753
E2025,11,104,RED,P011305,"CARTER, TYSON",3FGM,Three Pointer,3,696,169,I,0,0,0,8,02:11,20,22,20251002184821
E2025,11,107,MUN,P013290,"JESSUP, JUSTINIAN",3FGA,Missed Three Pointer,0,-621,526,H,0,0,0,9,01:46,20,22,20251002184845
E2025,11,109,RED,P009048,"MILLER-MCINTYRE, CODI",3FGM,Three Pointer,3,633,351,I,1,0,0,9,01:38,20,25,20251002184854
E2025,11,119,MUN,P004508,"OBST, ANDREAS",FTM,Free Throw In,1,-1,-1, ,0,0,0,9,01:16,21,25,20251002185016
E2025,11,121,MUN,P004508,"OBST, ANDREAS",FTM,Free Throw In,1,-1,-1, ,0,0,0,9,01:16,22,25,20251002185028
E2025,11,127,MUN,P001557,"GIFFEY, NIELS",3FGA,Missed Three Pointer,0,-495,501,H,0,0,0,10,00:40,22,25,20251002185119
E2025,11,129,MUN,P013290,"JESSUP, JUSTINIAN",3FGA,Missed Three Pointer,0,-671,294,H,0,0,0,10,00:36,22,25,20251002185123
E2025,11,131,MUN,P004508,"OBST, ANDREAS",3FGA,Missed Three Pointer,0,608,451,I,0,0,0,10,00:31,22,25,20251002185128
E2025,11,133,MUN,P012597,"BALDWIN, KAMAR",2FGM,Two Pointer,2,-81,288,D,0,1,1,10,00:24,24,25,20251002185135
E2025,11,134,RED,P009048,"MILLER-MCINTYRE, CODI",3FGM,Three Pointer,3,564,501,I,0,0,0,10,00:03,24,28,20251002185157
E2025,11,138,MUN,P012597,"BALDWIN, KAMAR",2FGA,Missed Two Pointer,0,-445,112,F,0,0,0,11,09:39,24,28,20251002185451
E2025,11,140,RED,P004866,"KALINIC, NIKOLA",3FGM,Three Pointer,3,552,514,I,0,0,0,11,09:12,24,31,20251002185531
E2025,11,142,MUN,P001557,"GIFFEY, NIELS",2FGM,Two Pointer,2,-232,43,B,0,0,0,12,08:53,26,31,20251002185551
E2025,11,143,RED,P007960,"DAVIDOVAC, DEJAN",3FGA,Missed Three Pointer,0,-721,94,H,0,0,0,12,08:29,26,31,20251002185615
E2025,11,145,RED,P011305,"CARTER, TYSON",3FGA,Missed Three Pointer,0,558,552,I,0,0,0,12,08:22,26,31,20251002185622
E2025,11,153,RED,P009048,"MILLER-MCINTYRE, CODI",3FGM,Three Pointer,3,621,363,I,0,1,0,12,08:05,26,34,20251002185757
E2025,11,159,MUN,P011244,"DA SILVA, OSCAR",2FGM,Two Pointer,2,169,81,C,0,0,0,13,07:54,28,34,20251002185848
E2025,11,161,RED,P009048,"MILLER-MCINTYRE, CODI",2FGM,Two Pointer,2,-112,75,B,0,0,0,13,07:54,28,36,20251002185857
E2025,11,162,MUN,P004508,"OBST, ANDREAS",3FGM,Three Pointer,3,307,715,I,0,0,0,13,07:25,31,36,20251002185912
E2025,11,163,RED,P011305,"CARTER, TYSON",2FGM,Two Pointer,2,483,81,G,0,0,0,13,07:16,31,38,20251002185921
E2025,11,166,MUN,P011244,"DA SILVA, OSCAR",2FGM,Two Pointer,2,-125,112,B,0,0,0,13,07:03,33,38,20251002190126
E2025,11,168,RED,P009048,"MILLER-MCINTYRE, CODI",3FGA,Missed Three Pointer,0,633,420,I,0,0,0,14,06:40,33,38,20251002190148
E2025,11,170,MUN,P004508,"OBST, ANDREAS",3FGA,Missed Three Pointer,0,-652,319,H,0,0,0,14,06:29,33,38,20251002190200
E2025,11,172,RED,P011305,"CARTER, TYSON",3FGM,Three Pointer,3,144,884,I,0,0,0,14,06:11,33,41,20251002190218
E2025,11,174,MUN,P012597,"BALDWIN, KAMAR",3FGM,Three Pointer,3,-526,570,H,0,0,0,15,05:51,36,41,20251002190238
E2025,11,185,RED,P013363,"NWORA, JORDAN",3FGA,Missed Three Pointer,0,326,658,I,0,0,0,15,05:47,36,41,20251002190511
E2025,11,193,MUN,P001288,"LUCIC, VLADIMIR",2FGM,Two Pointer,2,144,69,C,0,0,1,15,05:13,38,41,20251002190603
E2025,11,194,RED,P011305,"CARTER, TYSON",2FGM,Two Pointer,2,144,25,C,0,0,0,15,05:06,38,43,20251002190616
E2025,11,197,RED,P011305,"CARTER, TYSON",FTM,Free Throw In,1,-1,-1, ,0,0,0,15,05:06,38,44,20251002190643
E2025,11,201,MUN,P011836,"MIKE, ISIAHA",2FGM,Two Pointer,2,-112,175,B,0,0,0,16,04:51,40,44,20251002190709
E2025,11,203,MUN,P011836,"MIKE, ISIAHA",2FGA,Missed Two Pointer,0,-31,62,B,0,0,0,16,04:16,40,44,20251002190801
E2025,11,208,RED,P013363,"NWORA, JORDAN",FTM,Free Throw In,1,-1,-1, ,0,0,0,16,04:14,40,45,20251002190854
E2025,11,212,MUN,P001288,"LUCIC, VLADIMIR",FTM,Free Throw In,1,-1,-1, ,0,0,0,17,03:56,41,45,20251002190943
E2025,11,215,RED,P012201,"MONEKE, CHIMA",2FGM,Two Pointer,2,257,131,E,0,0,0,17,03:35,41,47,20251002191022
E2025,11,216,MUN,P011244,"DA SILVA, OSCAR",2FGM,Two Pointer,2,-138,62,B,0,0,0,17,03:21,43,47,20251002191036
E2025,11,218,RED,P007960,"DAVIDOVAC, DEJAN",2FGM,Two Pointer,2,25,169,C,0,0,0,17,03:09,43,49,20251002191048
E2025,11,221,MUN,P001288,"LUCIC, VLADIMIR",3FGA,Missed Three Pointer,0,589,319,I,0,0,0,18,02:50,43,49,20251002191107
E2025,11,232,RED,P013363,"NWORA, JORDAN",FTM,Free Throw In,1,-1,-1, ,0,0,0,18,02:40,43,50,20251002191341
E2025,11,233,RED,P013363,"NWORA, JORDAN",FTM,Free Throw In,1,-1,-1, ,0,0,0,18,02:40,43,51,20251002191353
E2025,11,234,MUN,P004508,"OBST, ANDREAS",3FGA,Missed Three Pointer,0,690,37,I,0,0,0,18,02:16,43,51,20251002191418
E2025,11,236,MUN,P011244,"DA SILVA, OSCAR",2FGM,Two Pointer,2,-156,62,B,0,1,0,18,02:13,45,51,20251002191421
E2025,11,238,RED,P011305,"CARTER, TYSON",3FGA,Missed Three Pointer,0,583,464,I,0,0,0,19,01:57,45,51,20251002191437
E2025,11,240,MUN,P013378,"RATHAN-MAYES, XAVIER",2FGM,Two Pointer,2,-188,483,F,0,0,0,19,01:39,47,51,20251002191456
E2025,11,244,RED,P011305,"CARTER, TYSON",2FGA,Missed Two Pointer,0,420,439,G,0,0,0,19,01:16,47,51,20251002191709
E2025,11,246,RED,P012201,"MONEKE, CHIMA",2FGM,Two Pointer,2,-94,100,B,0,1,0,19,01:13,47,53,20251002191712
E2025,11,255,MUN,P004508,"OBST, ANDREAS",FTM,Free Throw In,1,-1,-1, ,0,0,0,20,00:49,48,53,20251002191843
E2025,11,256,RED,P013363,"NWORA, JORDAN",2FGM,Two Pointer,2,25,213,C,0,0,0,20,00:30,48,55,20251002191904
E2025,11,257,MUN,P011836,"MIKE, ISIAHA",2FGM,Two Pointer,2,12,294,E,0,0,0,20,00:07,50,55,20251002191928
E2025,11,258,RED,P011982,"OJELEYE, SEMI",2FGA,Missed Two Pointer,0,457,257,G,0,0,0,20,01:00,50,55,20251002191937
E2025,11,274,MUN,P001288,"LUCIC, VLADIMIR",2FGA,Missed Two Pointer,0,-376,232,F,0,0,0,21,09:45,50,55,20251002193543
E2025,11,279,RED,P012201,"MONEKE, CHIMA",FTM,Free Throw In,1,-1,-1, ,0,0,0,21,09:32,50,56,20251002193643
E2025,11,281,MUN,P013386,"MCCORMACK, DAVID",2FGA,Missed Two Pointer,0,6,194,C,0,0,0,21,09:12,50,56,20251002193707
E2025,11,285,RED,P013363,"NWORA, JORDAN",2FGM,Two Pointer,2,-75,119,B,0,0,0,21,09:02,50,58,20251002193742
E2025,11,288,RED,P013363,"NWORA, JORDAN",FTM,Free Throw In,1,-1,-1, ,0,0,0,21,09:02,50,59,20251002193806
E2025,11,290,MUN,P012597,"BALDWIN, KAMAR",3FGA,Missed Three Pointer,0,138,790,I,0,0,0,22,08:35,50,59,20251002193838
E2025,11,292,MUN,P004508,"OBST, ANDREAS",3FGM,Three Pointer,3,483,639,I,0,1,0,22,08:20,53,59,20251002193852
E2025,11,294,MUN,P012597,"BALDWIN, KAMAR",2FGM,Two Pointer,2,-81,56,B,0,0,1,22,08:02,55,59,20251002193926
E2025,11,299,RED,P013363,"NWORA, JORDAN",FTM,Free Throw In,1,-1,-1, ,0,0,0,23,07:56,55,60,20251002194000
E2025,11,302,MUN,P012597,"BALDWIN, KAMAR",2FGA,Missed Two Pointer,0,-50,100,B,0,0,0,23,07:40,55,60,20251002194035
E2025,11,304,MUN,P004508,"OBST, ANDREAS",3FGM,Three Pointer,3,-382,621,H,0,1,1,23,07:34,58,60,20251002194042
E2025,11,305,RED,P009048,"MILLER-MCINTYRE, CODI",3FGA,Missed Three Pointer,0,464,577,I,0,0,0,23,07:08,58,60,20251002194126
E2025,11,307,RED,P013363,"NWORA, JORDAN",2FGM,Two Pointer,2,100,6,C,0,1,0,23,07:05,58,62,20251002194129
E2025,11,309,MUN,P012597,"BALDWIN, KAMAR",2FGM,Two Pointer,2,100,169,C,0,0,0,24,06:52,60,62,20251002194141
E2025,11,316,RED,P012201,"MONEKE, CHIMA",FTM,Free Throw In,1,-1,-1, ,0,0,0,24,06:26,60,63,20251002194309
E2025,11,318,RED,P012201,"MONEKE, CHIMA",FTM,Free Throw In,1,-1,-1, ,0,0,0,24,06:26,60,64,20251002194330
E2025,11,321,MUN,P011836,"MIKE, ISIAHA",3FGM,Three Pointer,3,564,426,I,0,0,0,24,06:12,63,64,20251002194356
E2025,11,328,RED,P004866,"KALINIC, NIKOLA",FTM,Free Throw In,1,-1,-1, ,0,0,0,25,05:55,63,65,20251002194454
E2025,11,329,RED,P004866,"KALINIC, NIKOLA",FTM,Free Throw In,1,-1,-1, ,0,0,0,25,05:55,63,66,20251002194509
E2025,11,332,RED,P013363,"NWORA, JORDAN",2FGA,Missed Two Pointer,0,-138,69,B,0,0,0,25,05:31,63,66,20251002194535
E2025,11,334,RED,P012201,"MONEKE, CHIMA",2FGA,Missed Two Pointer,0,125,37,C,0,0,0,25,05:31,63,66,20251002194539
E2025,11,340,MUN,P011836,"MIKE, ISIAHA",2FGA,Missed Two Pointer,0,75,150,C,0,0,0,25,05:10,63,66,20251002194629
E2025,11,345,MUN,P004508,"OBST, ANDREAS",FTM,Free Throw In,1,-1,-1, ,0,1,0,25,05:08,64,66,20251002194711
E2025,11,348,MUN,P011836,"MIKE, ISIAHA",FTM,Free Throw In,1,-1,-1, ,0,1,0,25,05:08,65,66,20251002194744
E2025,11,352,MUN,P004508,"OBST, ANDREAS",3FGA,Missed Three Pointer,0,414,646,I,0,0,0,26,04:50,65,66,20251002194818
E2025,11,359,MUN,P001288,"LUCIC, VLADIMIR",2FGM,Two Pointer,2,-125,43,B,0,0,1,26,04:30,67,66,20251002195047
E2025,11,365,MUN,P011244,"DA SILVA, OSCAR",2FGM,Two Pointer,2,-138,50,B,0,0,1,27,03:39,69,66,20251002195219
E2025,11,366,RED,P009048,"MILLER-MCINTYRE, CODI",2FGM,Two Pointer,2,-112,31,B,0,0,0,27,03:20,69,68,20251002195300
E2025,11,368,MUN,P004508,"OBST, ANDREAS",3FGA,Missed Three Pointer,0,595,439,I,0,0,0,28,02:56,69,68,20251002195324
E2025,11,370,MUN,P011836,"MIKE, ISIAHA",3FGM,Three Pointer,3,-238,690,H,0,1,0,28,02:48,72,68,20251002195332
E2025,11,373,MUN,P004508,"OBST, ANDREAS",3FGM,Three Pointer,3,-432,552,H,0,0,1,28,02:21,75,68,20251002195400
E2025,11,386,MUN,P011244,"DA SILVA, OSCAR",2FGM,Two Pointer,2,-112,43,B,1,0,1,28,02:03,77,68,20251002195609
E2025,11,390,MUN,P013378,"RATHAN-MAYES, XAVIER",3FGA,Missed Three Pointer,0,564,501,I,0,0,0,29,01:24,77,68,20251002195648
E2025,11,395,RED,P011982,"OJELEYE, SEMI",FTM,Free Throw In,1,-1,-1, ,0,0,0,29,01:16,77,69,20251002195751
E2025,11,401,RED,P011982,"OJELEYE, SEMI",2FGM,Two Pointer,2,-106,144,B,1,0,1,30,00:57,77,71,20251002195825
E2025,11,410,RED,P011305,"CARTER, TYSON",3FGA,Missed Three Pointer,0,-326,677,H,0,0,0,30,00:22,77,71,20251002200405
E2025,11,412,MUN,P013386,"MCCORMACK, DAVID",2FGA,Missed Two Pointer,0,-119,75,B,0,0,0,30,01:00,77,71,20251002200429
E2025,11,419,RED,P009048,"MILLER-MCINTYRE, CODI",2FGA,Missed Two Pointer,0,-138,62,B,0,0,0,31,09:44,77,71,20251002200708
E2025,11,421,MUN,P013378,"RATHAN-MAYES, XAVIER",2FGM,Two Pointer,2,-87,-12,A,1,0,0,31,09:38,79,71,20251002200715
E2025,11,422,RED,P013363,"NWORA, JORDAN",2FGA,Missed Two Pointer,0,-451,225,F,0,0,0,31,09:18,79,71,20251002200735
E2025,11,424,MUN,P013290,"JESSUP, JUSTINIAN",2FGM,Two Pointer,2,56,144,C,1,0,0,31,09:12,81,71,20251002200741
E2025,11,429,RED,P013363,"NWORA, JORDAN",3FGA,Missed Three Pointer,0,-627,388,H,0,0,0,32,08:50,81,71,20251002201010
E2025,11,436,MUN,P013386,"MCCORMACK, DAVID",FTM,Free Throw In,1,-1,-1, ,0,0,0,32,08:31,82,71,20251002201111
E2025,11,443,RED,P012201,"MONEKE, CHIMA",FTM,Free Throw In,1,-1,-1, ,0,0,0,32,08:19,82,72,20251002201225
E2025,11,453,MUN,P013290,"JESSUP, JUSTINIAN",2FGM,Two Pointer,2,163,43,C,1,0,1,33,07:50,84,72,20251002201347
E2025,11,459,MUN,P004863,"JOVIC, STEFAN",2FGM,Two Pointer,2,0,156,B,0,0,1,33,07:15,86,72,20251002201452
E2025,11,466,RED,P011305,"CARTER, TYSON",2FGA,Missed Two Pointer,0,-501,0,F,0,0,0,34,06:44,86,72,20251002201747
E2025,11,470,MUN,P013378,"RATHAN-MAYES, XAVIER",3FGA,Missed Three Pointer,0,31,702,I,0,0,0,34,06:16,86,72,20251002201840
E2025,11,472,RED,P013363,"NWORA, JORDAN",3FGM,Three Pointer,3,652,257,I,0,0,0,34,06:13,86,75,20251002201903
E2025,11,483,RED,P014029,"IZUNDU, EBUKA",FTM,Free Throw In,1,-1,-1, ,0,0,1,35,05:37,86,76,20251002202052
E2025,11,485,MUN,P004508,"OBST, ANDREAS",3FGA,Missed Three Pointer,0,319,683,I,0,0,0,35,05:12,86,76,20251002202123
E2025,11,487,RED,P011305,"CARTER, TYSON",2FGM,Two Pointer,2,-75,131,B,1,0,0,35,05:07,86,78,20251002202128
E2025,11,490,MUN,P012597,"BALDWIN, KAMAR",3FGA,Missed Three Pointer,0,169,702,I,0,0,0,36,04:42,86,78,20251002202155
E2025,11,499,RED,P011305,"CARTER, TYSON",2FGA,Missed Two Pointer,0,31,169,C,0,0,0,36,04:10,86,78,20251002202327
E2025,11,501,MUN,P004508,"OBST, ANDREAS",3FGM,Three Pointer,3,-564,439,H,0,0,0,36,05:00,89,78,20251002202337
E2025,11,506,RED,P009048,"MILLER-MCINTYRE, CODI",3FGM,Three Pointer,3,-664,301,H,0,0,0,37,03:34,89,81,20251002202451
E2025,11,507,MUN,P004508,"OBST, ANDREAS",3FGM,Three Pointer,3,-533,457,H,0,0,0,37,03:16,92,81,20251002202509
E2025,11,509,RED,P009048,"MILLER-MCINTYRE, CODI",3FGA,Missed Three Pointer,0,-621,426,H,0,0,0,37,03:04,92,81,20251002202521
E2025,11,513,RED,P013363,"NWORA, JORDAN",3FGA,Missed Three Pointer,0,363,639,I,0,0,0,38,02:20,92,81,20251002202619
E2025,11,515,RED,P007960,"DAVIDOVAC, DEJAN",2FGM,Two Pointer,2,56,100,C,0,1,1,38,02:18,92,83,20251002202622
E2025,11,516,MUN,P004508,"OBST, ANDREAS",3FGM,Three Pointer,3,570,483,I,0,0,0,38,02:02,95,83,20251002202638
E2025,11,519,RED,P012201,"MONEKE, CHIMA",3FGA,Missed Three Pointer,0,-401,602,H,0,0,0,39,01:50,95,83,20251002202649
E2025,11,521,RED,P012201,"MONEKE, CHIMA",3FGA,Missed Three Pointer,0,-332,652,H,0,0,0,39,01:44,95,83,20251002202655
E2025,11,524,RED,P013363,"NWORA, JORDAN",2FGM,Two Pointer,2,112,156,C,0,0,1,39,01:37,95,85,20251002202731
E2025,11,527,RED,P013363,"NWORA, JORDAN",FTM,Free Throw In,1,-1,-1, ,0,0,1,39,01:42,95,86,20251002202836
E2025,11,528,MUN,P013386,"MCCORMACK, DAVID",2FGM,Two Pointer,2,0,31,A,0,0,0,39,01:27,97,86,20251002202853
E2025,11,530,RED,P012201,"MONEKE, CHIMA",2FGA,Missed Two Pointer,0,0,163,B,0,0,0,39,01:28,97,86,20251002202904
E2025,11,533,MUN,P004508,"OBST, ANDREAS",3FGA,Missed Three Pointer,0,470,690,I,0,0,0,40,00:59,97,86,20251002202925
E2025,11,537,RED,P009048,"MILLER-MCINTYRE, CODI",FTM,Free Throw In,1,-1,-1, ,0,0,0,40,00:52,97,87,20251002203002
E2025,11,538,RED,P009048,"MILLER-MCINTYRE, CODI",FTM,Free Throw In,1,-1,-1, ,0,0,0,40,00:52,97,88,20251002203018
E2025,11,539,MUN,P001288,"LUCIC, VLADIMIR",3FGA,Missed Three Pointer,0,-514,526,H,0,0,0,40,00:28,97,88,20251002203045
E2025,11,541,RED,P011305,"CARTER, TYSON",3FGA,Missed Three Pointer,0,31,727,I,0,0,0,40,00:18,97,88,20251002203055
E2025,2,43,BAS,P011948,"HOWARD, MARKUS",3FGA,Missed Three Pointer,0,263,752,I,0,0,0,1,09:33,0,0,20250930183201
E2025,2,45,OLY,P003469,"VEZENKOV, SASHA",2FGM,Two Pointer,2,395,125,E,0,0,0,1,09:11,0,2,20250930183223
E2025,2,47,BAS,P014086,"DIALLO, HAMIDOU",2FGA,Missed Two Pointer,0,-81,207,B,0,0,0,2,08:50,0,2,20250930183244
E2025,2,49,BAS,P014086,"DIALLO, HAMIDOU",2FGA,Missed Two Pointer,0,-100,169,B,0,0,0,2,08:48,0,2,20250930183246
E2025,2,51,OLY,P003469,"VEZENKOV, SASHA",3FGA,Missed Three Pointer,0,483,639,I,0,0,0,2,08:36,0,2,20250930183259
E2025,2,53,OLY,P009849,"DORSEY, TYLER",3FGM,Three Pointer,3,-351,664,H,0,1,0,2,08:30,0,5,20250930183304
E2025,2,55,BAS,P013367,"FORREST, TRENT",2FGA,Missed Two Pointer,0,163,112,C,0,0,0,2,08:24,0,5,20250930183310
E2025,2,59,OLY,P009849,"DORSEY, TYLER",3FGM,Three Pointer,3,-420,614,H,0,0,0,2,08:06,0,8,20250930183354
E2025,2,61,BAS,P011948,"HOWARD, MARKUS",3FGA,Missed Three Pointer,0,501,627,I,0,0,0,3,07:48,0,8,20250930183413
E2025,2,63,OLY,P009849,"DORSEY, TYLER",3FGA,Missed Three Pointer,0,-12,734,H,0,0,0,3,07:33,0,8,20250930183427
E2025,2,65,OLY,P003941,"MILUTINOV, NIKOLA",2FGM,Two Pointer,2,-25,188,B,0,1,0,3,07:31,0,10,20250930183431
E2025,2,70,OLY,P008855,"WALKUP, THOMAS",3FGA,Missed Three Pointer,0,-570,470,H,0,0,0,3,07:12,0,10,20250930183630
E2025,2,72,OLY,P003469,"VEZENKOV, SASHA",2FGA,Missed Two Pointer,0,156,106,C,0,0,0,3,07:07,0,10,20250930183636
E2025,2,81,OLY,P003469,"VEZENKOV, SASHA",2FGM,Two Pointer,2,188,106,C,0,1,1,4,06:57,0,12,20250930183716
E2025,2,87,OLY,P013380,"FOURNIER, EVAN",3FGA,Missed Three Pointer,0,464,690,I,0,0,0,4,06:20,0,12,20250930183813
E2025,2,89,BAS,P007579,"SAMANIC, LUKA",2FGA,Missed Two Pointer,0,6,395,E,0,0,0,4,06:08,0,12,20250930183825
E2025,2,91,OLY,P009849,"DORSEY, TYLER",3FGA,Missed Three Pointer,0,658,376,I,0,0,0,4,06:01,0,12,20250930183832
E2025,2,94,BAS,P012080,"LUWAWU-CABARROT, TIMOTHE",3FGA,Missed Three Pointer,0,-595,445,H,0,0,0,5,05:55,0,12,20250930183838
E2025,2,100,BAS,P012080,"LUWAWU-CABARROT, TIMOTHE",3FGM,Three Pointer,3,-677,207,H,0,1,0,5,05:45,3,12,20250930183914
E2025,2,102,OLY,P003941,"MILUTINOV, NIKOLA",2FGA,Missed Two Pointer,0,345,50,E,0,0,0,5,05:17,3,12,20250930183942
E2025,2,105,BAS,P014119,"NOWELL, MARKQUIS",3FGA,Missed Three Pointer,0,-332,708,H,0,0,0,6,04:59,3,12,20250930184000
E2025,2,107,OLY,P003469,"VEZENKOV, SASHA",2FGM,Two Pointer,2,-119,131,B,0,0,0,6,04:49,3,14,20250930184013
E2025,2,110,OLY,P003469,"VEZENKOV, SASHA",FTM,Free Throw In,1,-1,-1, ,0,0,0,6,04:49,3,15,20250930184041
E2025,2,117,OLY,P009849,"DORSEY, TYLER",FTM,Free Throw In,1,-1,-1, ,1,0,1,6,04:36,3,16,20250930184130
E2025,2,118,OLY,P009849,"DORSEY, TYLER",FTM,Free Throw In,1,-1,-1, ,1,0,1,6,04:36,3,17,20250930184149
E2025,2,121,OLY,P009849,"DORSEY, TYLER",2FGA,Missed Two Pointer,0,-225,307,D,0,0,0,6,04:08,3,17,20250930184218
E2025,2,123,OLY,P003469,"VEZENKOV, SASHA",2FGA,Missed Two Pointer,0,163,87,C,0,0,0,6,04:05,3,17,20250930184221
E2025,2,129,BAS,P014119,"NOWELL, MARKQUIS",FTM,Free Throw In,1,-1,-1, ,1,0,0,7,03:59,4,17,20250930184313
E2025,2,134,OLY,P013380,"FOURNIER, EVAN",FTM,Free Throw In,1,-1,-1, ,0,0,0,7,03:43,4,18,20250930184401
E2025,2,135,OLY,P013380,"FOURNIER, EVAN",FTM,Free Throw In,1,-1,-1, ,0,0,0,7,03:43,4,19,20250930184423
E2025,2,136,BAS,P014026,"FRISCH, CLEMENT",2FGM,Two Pointer,2,0,345,D,0,0,0,7,03:30,6,19,20250930184438
E2025,2,137,OLY,P003469,"VEZENKOV, SASHA",3FGA,Missed Three Pointer,0,501,583,I,0,0,0,7,03:17,6,19,20250930184451
E2025,2,139,BAS,P014026,"FRISCH, CLEMENT",3FGM,Three Pointer,3,-564,589,H,0,0,0,7,03:06,9,19,20250930184502
E2025,2,142,OLY,P003469,"VEZENKOV, SASHA",2FGA,Missed Two Pointer,0,18,294,E,0,0,0,8,02:39,9,19,20250930184529
E2025,2,146,BAS,P014026,"FRISCH, CLEMENT",3FGM,Three Pointer,3,-495,664,H,1,0,1,8,02:31,12,19,20250930184537
E2025,2,148,OLY,P009849,"DORSEY, TYLER",2FGM,Two Pointer,2,-56,156,B,0,0,0,8,02:12,12,21,20250930184557
E2025,2,150,BAS,P007579,"SAMANIC, LUKA",3FGA,Missed Three Pointer,0,194,752,I,0,0,0,9,01:57,12,21,20250930184611
E2025,2,152,OLY,P003941,"MILUTINOV, NIKOLA",2FGA,Missed Two Pointer,0,0,119,B,0,0,0,9,01:46,12,21,20250930184622
E2025,2,154,OLY,P003941,"MILUTINOV, NIKOLA",2FGM,Two Pointer,2,0,125,B,0,1,0,9,01:42,12,23,20250930184627
E2025,2,170,OLY,P009849,"DORSEY, TYLER",FTM,Free Throw In,1,-1,-1, ,0,0,1,9,01:18,12,24,20250930184757
E2025,2,171,OLY,P009849,"DORSEY, TYLER",FTM,Free Throw In,1,-1,-1, ,0,0,1,9,01:18,12,25,20250930184811
E2025,2,176,BAS,P011948,"HOWARD, MARKUS",3FGM,Three Pointer,3,445,614,I,0,0,1,9,01:01,15,25,20250930184922
E2025,2,181,BAS,P011948,"HOWARD, MARKUS",3FGM,Three Pointer,3,-577,558,H,1,0,1,10,00:32,18,25,20250930184945
E2025,2,183,OLY,P009849,"DORSEY, TYLER",3FGA,Missed Three Pointer,0,-388,677,H,0,0,0,10,00:13,18,25,20250930185004
E2025,2,189,OLY,P008829,"PETERS, ALEC",2FGM,Two Pointer,2,219,138,E,0,1,0,10,00:06,18,27,20250930185049
E2025,2,193,BAS,P013367,"FORREST, TRENT",FTM,Free Throw In,1,-1,-1, ,0,0,0,10,00:01,19,27,20250930185126
E2025,2,194,BAS,P013367,"FORREST, TRENT",FTM,Free Throw In,1,-1,-1, ,0,0,0,10,00:01,20,27,20250930185148
E2025,2,197,OLY,P009849,"DORSEY, TYLER",3FGA,Missed Three Pointer,0,-457,909,H,0,0,0,10,00:01,20,27,20250930185203
E2025,2,212,BAS,P007230,"SEDEKERSKIS, TADAS",3FGA,Missed Three Pointer,0,564,514,I,0,0,0,11,09:21,20,27,20250930185503
E2025,2,215,OLY,P008829,"PETERS, ALEC",2FGA,Missed Two Pointer,0,351,200,E,0,0,0,12,08:56,20,27,20250930185528
E2025,2,217,BAS,P011948,"HOWARD, MARKUS",3FGM,Three Pointer,3,-683,-69,H,1,0,0,12,08:49,23,27,20250930185535
E2025,2,219,OLY,P011196,"HALL, DONTA",2FGA,Missed Two Pointer,0,188,219,E,0,0,0,12,08:23,23,27,20250930185601
E2025,2,223,OLY,P013389,"LEE, SABEN",2FGM,Two Pointer,2,106,125,C,1,0,1,12,08:13,23,29,20250930185610
E2025,2,230,BAS,P013367,"FORREST, TRENT",2FGM,Two Pointer,2,-138,131,B,0,0,0,13,07:50,25,29,20250930185704
E2025,2,233,OLY,P012610,"WARD, TYSON",FTM,Free Throw In,1,-1,-1, ,0,0,0,13,07:31,25,30,20250930185752
E2025,2,234,OLY,P012610,"WARD, TYSON",FTM,Free Throw In,1,-1,-1, ,0,0,0,13,07:31,25,31,20250930185811
E2025,2,235,BAS,P012080,"LUWAWU-CABARROT, TIMOTHE",2FGA,Missed Two Pointer,0,-169,150,B,0,0,0,13,07:14,25,31,20250930185830
E2025,2,237,BAS,P012080,"LUWAWU-CABARROT, TIMOTHE",2FGM,Two Pointer,2,-100,125,B,0,1,0,13,07:11,27,31,20250930185833
E2025,2,239,OLY,P011196,"HALL, DONTA",2FGA,Missed Two Pointer,0,-257,175,D,0,0,0,14,06:48,27,31,20250930185856
E2025,2,243,BAS,P013367,"FORREST, TRENT",2FGM,Two Pointer,2,-6,0,A,1,0,0,14,06:42,29,31,20250930185903
E2025,2,249,OLY,P011196,"HALL, DONTA",2FGM,Two Pointer,2,0,18,A,0,0,0,14,06:21,29,33,20250930185953
E2025,2,253,OLY,P012610,"WARD, TYSON",3FGM,Three Pointer,3,558,533,I,0,0,1,14,06:02,29,36,20250930190012
E2025,2,256,BAS,P014086,"DIALLO, HAMIDOU",2FGM,Two Pointer,2,56,244,E,0,0,0,15,05:51,31,36,20250930190024
E2025,2,257,OLY,P013389,"LEE, SABEN",2FGM,Two Pointer,2,87,75,C,0,0,0,15,05:41,31,38,20250930190033
E2025,2,258,BAS,P013367,"FORREST, TRENT",3FGA,Missed Three Pointer,0,-602,639,H,0,0,0,15,05:28,31,38,20250930190046
E2025,2,268,BAS,P013367,"FORREST, TRENT",FTM,Free Throw In,1,-1,-1, ,0,1,0,15,05:19,32,38,20250930190141
E2025,2,269,BAS,P013367,"FORREST, TRENT",FTM,Free Throw In,1,-1,-1, ,0,1,0,15,05:19,33,38,20250930190203
E2025,2,272,OLY,P008829,"PETERS, ALEC",2FGM,Two Pointer,2,0,94,B,0,0,0,15,05:05,33,40,20250930190227
E2025,2,279,BAS,P014119,"NOWELL, MARKQUIS",3FGA,Missed Three Pointer,0,357,715,I,0,0,0,16,04:38,33,40,20250930190458
E2025,2,281,OLY,P008829,"PETERS, ALEC",3FGM,Three Pointer,3,-407,646,H,0,0,0,16,04:13,33,43,20250930190522
E2025,2,288,BAS,P014086,"DIALLO, HAMIDOU",2FGM,Two Pointer,2,-225,338,D,0,0,0,17,03:54,35,43,20250930190631
E2025,2,289,OLY,P012610,"WARD, TYSON",2FGM,Two Pointer,2,-69,75,B,0,0,0,17,03:40,35,45,20250930190645
E2025,2,291,BAS,P007579,"SAMANIC, LUKA",2FGM,Two Pointer,2,163,62,C,0,0,0,17,03:27,37,45,20250930190659
E2025,2,299,OLY,P012610,"WARD, TYSON",FTM,Free Throw In,1,-1,-1, ,0,0,0,17,03:09,37,46,20250930190753
E2025,2,300,OLY,P012610,"WARD, TYSON",FTM,Free Throw In,1,-1,-1, ,0,0,0,17,03:09,37,47,20250930190807
E2025,2,302,BAS,P007579,"SAMANIC, LUKA",2FGA,Missed Two Pointer,0,94,94,C,0,0,0,18,02:58,37,47,20250930190821
E2025,2,304,OLY,P003941,"MILUTINOV, NIKOLA",2FGA,Missed Two Pointer,0,-188,37,B,0,0,0,18,02:35,37,47,20250930190845
E2025,2,306,BAS,P012080,"LUWAWU-CABARROT, TIMOTHE",2FGM,Two Pointer,2,288,43,E,0,0,0,18,02:24,39,47,20250930190856
E2025,2,316,OLY,P003941,"MILUTINOV, NIKOLA",FTM,Free Throw In,1,-1,-1, ,0,0,0,19,01:59,39,48,20250930190959
E2025,2,318,OLY,P003941,"MILUTINOV, NIKOLA",FTM,Free Throw In,1,-1,-1, ,0,0,0,19,01:59,39,49,20250930191018
E2025,2,324,BAS,P014086,"DIALLO, HAMIDOU",FTM,Free Throw In,1,-1,-1, ,0,0,0,19,01:51,40,49,20250930191154
E2025,2,326,BAS,P014086,"DIALLO, HAMIDOU",FTM,Free Throw In,1,-1,-1, ,0,0,0,19,01:51,41,49,20250930191209
E2025,2,329,BAS,P012080,"LUWAWU-CABARROT, TIMOTHE",3FGA,Missed Three Pointer,0,-639,432,H,0,0,0,19,01:21,41,49,20250930191241
E2025,2,333,BAS,P012080,"LUWAWU-CABARROT, TIMOTHE",3FGM,Three Pointer,3,-514,564,H,0,1,1,19,01:19,44,49,20250930191347
E2025,2,338,BAS,P014086,"DIALLO, HAMIDOU",2FGM,Two Pointer,2,-81,31,B,1,0,1,20,00:49,46,49,20250930191413
E2025,2,344,OLY,P003469,"VEZENKOV, SASHA",3FGA,Missed Three Pointer,0,558,558,I,0,0,0,20,00:28,46,49,20250930191644
E2025,2,346,BAS,P013367,"FORREST, TRENT",3FGA,Missed Three Pointer,0,-552,602,H,0,0,0,20,00:19,46,49,20250930191653
E2025,2,348,BAS,P013367,"FORREST, TRENT",2FGM,Two Pointer,2,-56,112,B,0,1,0,20,00:11,48,49,20250930191701
E2025,2,357,OLY,P013380,"FOURNIER, EVAN",3FGA,Missed Three Pointer,0,-382,796,H,0,0,0,20,01:00,48,49,20250930191859
E2025,2,366,OLY,P003469,"VEZENKOV, SASHA",3FGA,Missed Three Pointer,0,445,570,I,0,0,0,21,09:42,48,49,20250930193445
E2025,2,368,OLY,P013380,"FOURNIER, EVAN",3FGA,Missed Three Pointer,0,-664,307,H,0,0,0,21,09:30,48,49,20250930193457
E2025,2,370,OLY,P003469,"VEZENKOV, SASHA",3FGA,Missed Three Pointer,0,194,690,I,0,0,0,21,09:25,48,49,20250930193502
E2025,2,372,OLY,P008855,"WALKUP, THOMAS",2FGA,Missed Two Pointer,0,163,119,C,0,0,0,21,09:21,48,49,20250930193507
E2025,2,378,BAS,P011948,"HOWARD, MARKUS",3FGA,Missed Three Pointer,0,-238,734,H,0,0,0,22,08:57,48,49,20250930193605
E2025,2,380,BAS,P007230,"SEDEKERSKIS, TADAS",3FGM,Three Pointer,3,62,777,I,0,1,1,22,08:49,51,49,20250930193612
E2025,2,382,OLY,P003469,"VEZENKOV, SASHA",2FGA,Missed Two Pointer,0,-257,112,D,0,0,0,22,08:27,51,49,20250930193635
E2025,2,384,OLY,P003469,"VEZENKOV, SASHA",2FGA,Missed Two Pointer,0,-119,75,B,0,0,0,22,08:27,51,49,20250930193638
E2025,2,388,OLY,P003469,"VEZENKOV, SASHA",FTM,Free Throw In,1,-1,-1, ,0,1,0,22,08:27,51,50,20250930193712
E2025,2,389,OLY,P003469,"VEZENKOV, SASHA",FTM,Free Throw In,1,-1,-1, ,0,1,0,22,08:27,51,51,20250930193733
E2025,2,390,BAS,P013367,"FORREST, TRENT",2FGM,Two Pointer,2,125,94,C,0,0,0,22,08:16,53,51,20250930193748
E2025,2,392,OLY,P013380,"FOURNIER, EVAN",2FGM,Two Pointer,2,495,282,G,0,0,0,22,08:03,53,53,20250930193801
E2025,2,394,BAS,P011948,"HOWARD, MARKUS",2FGA,Missed Two Pointer,0,-62,119,B,0,0,0,23,07:48,53,53,20250930193816
E2025,2,396,OLY,P003469,"VEZENKOV, SASHA",3FGM,Three Pointer,3,351,696,I,0,0,0,23,07:39,53,56,20250930193825
E2025,2,400,BAS,P014086,"DIALLO, HAMIDOU",3FGA,Missed Three Pointer,0,564,489,I,0,0,0,23,07:22,53,56,20250930193908
E2025,2,402,BAS,P013367,"FORREST, TRENT",2FGA,Missed Two Pointer,0,0,294,D,0,0,0,23,07:13,53,56,20250930193935
E2025,2,404,BAS,P014086,"DIALLO, HAMIDOU",2FGM,Two Pointer,2,43,100,C,0,1,0,23,07:09,55,56,20250930193938
E2025,2,406,OLY,P013380,"FOURNIER, EVAN",2FGA,Missed Two Pointer,0,-388,188,D,0,0,0,24,06:50,55,56,20250930193957
E2025,2,688,BAS,P011948,"HOWARD, MARKUS",3FGA,Missed Three Pointer,0,671,200,I,0,0,0,24,06:42,55,56,20250930203224
E2025,2,414,OLY,P009849,"DORSEY, TYLER",3FGA,Missed Three Pointer,0,-690,31,H,0,0,0,24,06:22,55,56,20250930194056
E2025,2,418,BAS,P007579,"SAMANIC, LUKA",3FGM,Three Pointer,3,69,784,I,0,0,0,24,06:08,58,56,20250930194128
E2025,2,421,OLY,P009849,"DORSEY, TYLER",3FGA,Missed Three Pointer,0,-94,746,H,0,0,0,25,05:40,58,56,20250930194218
E2025,2,423,BAS,P011948,"HOWARD, MARKUS",3FGA,Missed Three Pointer,0,-294,821,H,0,0,0,25,05:32,58,56,20250930194226
E2025,2,425,OLY,P009849,"DORSEY, TYLER",2FGM,Two Pointer,2,-150,56,B,0,0,0,25,05:27,58,58,20250930194235
E2025,2,432,OLY,P009849,"DORSEY, TYLER",FTM,Free Throw In,1,-1,-1, ,0,0,0,25,05:27,58,59,20250930194312
E2025,2,436,OLY,P009849,"DORSEY, TYLER",FTM,Free Throw In,1,-1,-1, ,0,0,1,25,05:01,58,60,20250930194422
E2025,2,438,OLY,P009849,"DORSEY, TYLER",FTM,Free Throw In,1,-1,-1, ,0,0,1,25,05:01,58,61,20250930194436
E2025,2,439,OLY,P009849,"DORSEY, TYLER",FTM,Free Throw In,1,-1,-1, ,0,0,1,25,05:01,58,62,20250930194454
E2025,2,445,OLY,P003941,"MILUTINOV, NIKOLA",2FGM,Two Pointer,2,-25,169,B,0,0,1,26,04:27,58,64,20250930194729
E2025,2,446,BAS,P014026,"FRISCH, CLEMENT",3FGA,Missed Three Pointer,0,420,846,I,0,0,0,26,04:14,58,64,20250930194743
E2025,2,451,BAS,P014119,"NOWELL, MARKQUIS",2FGM,Two Pointer,2,100,106,C,1,0,1,27,03:47,60,64,20250930194810
E2025,2,454,BAS,P014119,"NOWELL, MARKQUIS",3FGM,Three Pointer,3,-595,501,H,1,0,1,27,03:20,63,64,20250930194838
E2025,2,457,OLY,P008855,"WALKUP, THOMAS",3FGA,Missed Three Pointer,0,94,752,I,0,0,0,28,02:57,63,64,20250930194900
E2025,2,461,OLY,P003469,"VEZENKOV, SASHA",2FGA,Missed Two Pointer,0,-138,144,B,0,0,0,28,02:51,63,64,20250930194930
E2025,2,463,BAS,P007579,"SAMANIC, LUKA",2FGM,Two Pointer,2,150,69,C,1,0,0,28,02:39,65,64,20250930194937
E2025,2,464,OLY,P008855,"WALKUP, THOMAS",2FGM,Two Pointer,2,119,106,C,0,0,0,28,02:21,65,66,20250930194954
E2025,2,465,BAS,P008173,"SPAGNOLO, MATTEO",2FGA,Missed Two Pointer,0,156,276,E,0,0,0,28,02:02,65,66,20250930195014
E2025,2,468,OLY,P009849,"DORSEY, TYLER",2FGA,Missed Two Pointer,0,-112,125,B,0,0,0,29,01:55,65,66,20250930195021
E2025,2,472,OLY,P003469,"VEZENKOV, SASHA",2FGM,Two Pointer,2,-163,31,B,0,1,0,29,01:55,65,68,20250930195028
E2025,2,479,OLY,P003469,"VEZENKOV, SASHA",FTM,Free Throw In,1,-1,-1, ,0,1,0,29,01:55,65,69,20250930195100
E2025,2,482,BAS,P012080,"LUWAWU-CABARROT, TIMOTHE",3FGM,Three Pointer,3,552,558,I,0,0,0,29,01:38,68,69,20250930195134
E2025,2,485,BAS,P012080,"LUWAWU-CABARROT, TIMOTHE",FTM,Free Throw In,1,-1,-1, ,0,0,0,29,01:38,69,69,20250930195208
E2025,2,486,OLY,P013389,"LEE, SABEN",2FGA,Missed Two Pointer,0,207,301,E,0,0,0,29,01:17,69,69,20250930195234
E2025,2,488,BAS,P012080,"LUWAWU-CABARROT, TIMOTHE",2FGA,Missed Two Pointer,0,-81,87,B,0,0,0,29,01:10,69,69,20250930195241
E2025,2,493,OLY,P003469,"VEZENKOV, SASHA",2FGM,Two Pointer,2,119,106,C,1,0,1,30,00:51,69,71,20250930195326
E2025,2,495,BAS,P014119,"NOWELL, MARKQUIS",3FGA,Missed Three Pointer,0,-294,777,H,0,0,0,30,00:38,69,71,20250930195339
E2025,2,497,BAS,P008072,"DIOP, KHALIFA",2FGA,Missed Two Pointer,0,81,112,C,0,0,0,30,00:35,69,71,20250930195343
E2025,2,501,OLY,P011196,"HALL, DONTA",2FGM,Two Pointer,2,-6,6,A,0,0,0,30,00:13,69,73,20250930195405
E2025,2,508,BAS,P008072,"DIOP, KHALIFA",FTM,Free Throw In,1,-1,-1, ,0,0,0,30,00:03,70,73,20250930195516
E2025,2,521,BAS,P008072,"DIOP, KHALIFA",2FGM,Two Pointer,2,-12,12,A,0,0,0,31,09:46,72,73,20250930195804
E2025,2,523,OLY,P011196,"HALL, DONTA",2FGA,Missed Two Pointer,0,50,43,C,0,0,0,31,09:25,72,73,20250930195825
E2025,2,525,OLY,P011196,"HALL, DONTA",2FGM,Two Pointer,2,69,56,C,0,1,0,31,09:22,72,75,20250930195828
E2025,2,526,BAS,P014026,"FRISCH, CLEMENT",3FGA,Missed Three Pointer,0,633,426,I,0,0,0,31,09:15,72,75,20250930195835
E2025,2,533,OLY,P003469,"VEZENKOV, SASHA",3FGA,Missed Three Pointer,0,250,671,I,0,0,0,32,08:58,72,75,20250930195914
E2025,2,535,BAS,P012080,"LUWAWU-CABARROT, TIMOTHE",3FGA,Missed Three Pointer,0,-288,677,H,0,0,0,32,08:45,72,75,20250930195927
E2025,2,537,BAS,P013367,"FORREST, TRENT",3FGA,Missed Three Pointer,0,332,646,I,0,0,0,32,08:39,72,75,20250930195933
E2025,2,539,BAS,P012080,"LUWAWU-CABARROT, TIMOTHE",2FGM,Two Pointer,2,-31,94,B,0,1,0,32,08:32,74,75,20250930195942
E2025,2,543,BAS,P012080,"LUWAWU-CABARROT, TIMOTHE",FTM,Free Throw In,1,-1,-1, ,0,1,0,32,08:32,75,75,20250930200024
E2025,2,544,OLY,P009849,"DORSEY, TYLER",2FGM,Two Pointer,2,-106,194,B,0,0,0,32,08:17,75,77,20250930200046
E2025,2,545,BAS,P012080,"LUWAWU-CABARROT, TIMOTHE",3FGM,Three Pointer,3,514,595,I,0,0,0,32,08:01,78,77,20250930200102
E2025,2,548,OLY,P003469,"VEZENKOV, SASHA",2FGM,Two Pointer,2,119,75,C,0,0,0,33,07:39,78,79,20250930200124
E2025,2,550,BAS,P012080,"LUWAWU-CABARROT, TIMOTHE",3FGM,Three Pointer,3,-633,476,H,1,0,0,33,07:31,81,79,20250930200132
E2025,2,560,OLY,P012610,"WARD, TYSON",FTM,Free Throw In,1,-1,-1, ,0,0,0,33,07:13,81,80,20250930200239
E2025,2,562,OLY,P012610,"WARD, TYSON",FTM,Free Throw In,1,-1,-1, ,0,0,0,33,07:13,81,81,20250930200256
E2025,2,564,BAS,P011948,"HOWARD, MARKUS",3FGA,Missed Three Pointer,0,382,708,I,0,0,0,34,06:55,81,81,20250930200317
E2025,2,566,BAS,P007230,"SEDEKERSKIS, TADAS",3FGM,Three Pointer,3,476,677,I,0,1,0,34,06:48,84,81,20250930200324
E2025,2,572,OLY,P011196,"HALL, DONTA",FTM,Free Throw In,1,-1,-1, ,0,0,0,34,06:27,84,82,20250930200419
E2025,2,574,OLY,P011196,"HALL, DONTA",FTM,Free Throw In,1,-1,-1, ,0,0,0,34,06:27,84,83,20250930200434
E2025,2,575,BAS,P007230,"SEDEKERSKIS, TADAS",3FGA,Missed Three Pointer,0,652,414,I,0,0,0,34,06:14,84,83,20250930200449
E2025,2,578,OLY,P008829,"PETERS, ALEC",2FGA,Missed Two Pointer,0,-156,282,D,0,0,0,35,05:53,84,83,20250930200510
E2025,2,585,OLY,P009849,"DORSEY, TYLER",2FGA,Missed Two Pointer,0,150,194,E,0,0,0,35,05:19,84,83,20250930200801
E2025,2,595,BAS,P014086,"DIALLO, HAMIDOU",2FGM,Two Pointer,2,-100,163,B,0,0,0,36,04:57,86,83,20250930201058
E2025,2,604,BAS,P014086,"DIALLO, HAMIDOU",FTM,Free Throw In,1,-1,-1, ,0,0,0,36,04:57,87,83,20250930201325
E2025,2,607,OLY,P013380,"FOURNIER, EVAN",FTM,Free Throw In,1,-1,-1, ,0,0,0,36,04:36,87,84,20250930201420
E2025,2,608,OLY,P013380,"FOURNIER, EVAN",FTM,Free Throw In,1,-1,-1, ,0,0,0,36,04:36,87,85,20250930201437
E2025,2,609,BAS,P013367,"FORREST, TRENT",2FGA,Missed Two Pointer,0,-144,138,B,0,0,0,36,04:21,87,85,20250930201454
E2025,2,611,OLY,P008855,"WALKUP, THOMAS",2FGA,Missed Two Pointer,0,-138,250,D,0,0,0,36,04:13,87,85,20250930201502
E2025,2,613,OLY,P013380,"FOURNIER, EVAN",3FGA,Missed Three Pointer,0,-639,614,H,0,0,0,36,04:04,87,85,20250930201511
E2025,2,616,BAS,P011948,"HOWARD, MARKUS",3FGA,Missed Three Pointer,0,-539,621,H,0,0,0,37,03:57,87,85,20250930201518
E2025,2,622,OLY,P003469,"VEZENKOV, SASHA",FTM,Free Throw In,1,-1,-1, ,0,0,0,37,03:56,87,86,20250930201559
E2025,2,623,OLY,P003469,"VEZENKOV, SASHA",FTM,Free Throw In,1,-1,-1, ,0,0,0,37,03:56,87,87,20250930201616
E2025,2,624,BAS,P011948,"HOWARD, MARKUS",3FGM,Three Pointer,3,94,828,I,0,0,0,37,03:32,90,87,20250930201642
E2025,2,625,OLY,P013380,"FOURNIER, EVAN",2FGM,Two Pointer,2,-131,119,B,0,0,0,37,03:20,90,89,20250930201657
E2025,2,629,BAS,P007230,"SEDEKERSKIS, TADAS",3FGA,Missed Three Pointer,0,-395,671,H,0,0,0,38,02:57,90,89,20250930201736
E2025,2,631,OLY,P013380,"FOURNIER, EVAN",2FGM,Two Pointer,2,125,112,C,0,0,0,38,02:42,90,91,20250930201753
E2025,2,633,BAS,P007230,"SEDEKERSKIS, TADAS",2FGM,Two Pointer,2,-87,94,B,0,0,0,38,02:31,92,91,20250930201945
E2025,2,635,OLY,P013380,"FOURNIER, EVAN",3FGA,Missed Three Pointer,0,-62,715,H,0,0,0,38,02:16,92,91,20250930202000
E2025,2,641,OLY,P003941,"MILUTINOV, NIKOLA",FTM,Free Throw In,1,-1,-1, ,0,1,0,38,02:14,92,92,20250930202045
E2025,2,642,OLY,P003941,"MILUTINOV, NIKOLA",FTM,Free Throw In,1,-1,-1, ,0,1,0,38,02:14,92,93,20250930202110
E2025,2,647,OLY,P003469,"VEZENKOV, SASHA",3FGM,Three Pointer,3,370,677,I,0,0,1,39,01:29,92,96,20250930202219
E2025,2,651,BAS,P007579,"SAMANIC, LUKA",3FGA,Missed Three Pointer,0,583,526,I,0,0,0,39,01:11,92,96,20250930202310
E2025,2,656,BAS,P014086,"DIALLO, HAMIDOU",2FGM,Two Pointer,2,131,100,C,0,1,0,40,00:51,94,96,20250930202355
E2025,2,658,OLY,P008855,"WALKUP, THOMAS",3FGM,Three Pointer,3,-407,658,H,0,0,0,40,00:40,94,99,20250930202410
E2025,2,663,BAS,P013367,"FORREST, TRENT",FTM,Free Throw In,1,-1,-1, ,0,0,0,40,00:29,95,99,20250930202508
E2025,2,664,BAS,P013367,"FORREST, TRENT",FTM,Free Throw In,1,-1,-1, ,0,0,0,40,00:29,96,99,20250930202533
E2025,2,667,OLY,P003941,"MILUTINOV, NIKOLA",2FGM,Two Pointer,2,-6,18,A,0,0,0,40,00:15,96,101,20250930202609
E2025,2,675,BAS,P007230,"SEDEKERSKIS, TADAS",3FGA,Missed Three Pointer,0,627,388,I,0,0,0,40,00:09,96,101,20250930202927
E2025,2,680,OLY,P009849,"DORSEY, TYLER",FTM,Free Throw In,1,-1,-1, ,0,0,0,40,00:05,96,102,20250930203026
E2025,2,684,BAS,P014086,"DIALLO, HAMIDOU",3FGA,Missed Three Pointer,0,608,388,I,0,0,0,40,00:05,96,102,20250930203152
